{
"type": "FeatureCollection",
"name": "conflict",
"crs": { "type": "name", "properties": { "name": "urn:ogc:def:crs:OGC:1.3:CRS84" } },
"features": [
{ "type": "Feature", "properties": { "event_type": "Explosions/Remote violence", "event_date": "2024-12-22T00:00:00", "year": 2024, "location": "Belet Weyne", "fatalities": 0, "notes": "On 22 December 2024, Al Shabaab threw a hand grenade against government security forces (SNA) at a forward operation base in Belet Weyne town (Belet Weyne, Hiraan). The device exploded close to the front gate, there were no casualties and A" }, "geometry": { "type": "Point", "coordinates": [ 45.2043, 4.736 ] } },
{ "type": "Feature", "properties": { "event_type": "Explosions/Remote violence", "event_date": "2023-09-19T00:00:00", "year": 2023, "location": "Belet Weyne", "fatalities": 0, "notes": "On 19 September 2023, overnight, Al Shabaab threw a hand grenade against the government security forces (SNA) checkpoint in the main prison center at the Isbartiibo neighborhood in Belet Weyne town (Belet Weyne, Hiiraan). There were no casu" }, "geometry": { "type": "Point", "coordinates": [ 45.2043, 4.736 ] } },
{ "type": "Feature", "properties": { "event_type": "Strategic developments", "event_date": "2023-09-18T00:00:00", "year": 2023, "location": "Belet Weyne", "fatalities": 0, "notes": "Other: On 18 September 2023, Hawadle, Gaaljecel, and Ujeedeen clan militias mobilized in Belet Weyne town (Belet Weyne, Hiraan) and Jawil (coded separately). The clan militias joined forces for an ongoing operation in the Hiiraan region." }, "geometry": { "type": "Point", "coordinates": [ 45.2043, 4.736 ] } },
{ "type": "Feature", "properties": { "event_type": "Violence against civilians", "event_date": "2023-09-15T00:00:00", "year": 2023, "location": "Belet Weyne", "fatalities": 0, "notes": "On 15 September 2023, two members of the Hawadle clan militia opened gunfire on a business center in the Buloxabley areas of the Hawatako neighborhood in Belet Weyne town (Belet Weyne, Hiraan) during an attempted looting. There were no fata" }, "geometry": { "type": "Point", "coordinates": [ 45.2043, 4.736 ] } },
{ "type": "Feature", "properties": { "event_type": "Strategic developments", "event_date": "2023-09-13T00:00:00", "year": 2023, "location": "Belet Weyne", "fatalities": 0, "notes": "Defusal: On 13 September 2023, Hirshabele police forces discovered an IED near a checkpoint in the Howlwadaag neighborhood in Belet Weyne town (Belet Weyne, Hiraan). The forces destroyed the IED. There were no casualties. It is suspected th" }, "geometry": { "type": "Point", "coordinates": [ 45.2043, 4.736 ] } },
{ "type": "Feature", "properties": { "event_type": "Explosions/Remote violence", "event_date": "2023-09-05T00:00:00", "year": 2023, "location": "Belet Weyne", "fatalities": 0, "notes": "On 5 September 2023, unidentified gunmen threw a hand grenade against civilians from Makane clan gathering place at the Budaweyne neighborhoods in Belet Weyne town (Belet Weyne, Hiraan). There were no casualties." }, "geometry": { "type": "Point", "coordinates": [ 45.2043, 4.736 ] } },
{ "type": "Feature", "properties": { "event_type": "Explosions/Remote violence", "event_date": "2025-10-24T00:00:00", "year": 2025, "location": "Belet Weyne", "fatalities": 3, "notes": "On 24 October 2025, a remote-controlled IED planted by Al Shabaab exploded at a police forces bridge in Buudweyne neighborhood in Belet Weyne town (Belet Weyne, Hiraan). Al Shabaab claimed to have killed and injured police officers. Unspeci" }, "geometry": { "type": "Point", "coordinates": [ 45.2043, 4.736 ] } },
{ "type": "Feature", "properties": { "event_type": "Explosions/Remote violence", "event_date": "2025-11-01T00:00:00", "year": 2025, "location": "Belet Weyne", "fatalities": 0, "notes": "On 1 November 2025, 2 roadside IEDs planted by Al Shabaab exploded, targeting government security forces (SNA) at a checkpoint adjacent to the Warabole Channel in the Bacadaha area of Hawlwadag neighborhood in Belet Weyne town (Belet Weyne," }, "geometry": { "type": "Point", "coordinates": [ 45.2043, 4.736 ] } },
{ "type": "Feature", "properties": { "event_type": "Battles", "event_date": "2025-11-02T00:00:00", "year": 2025, "location": "Belet Weyne", "fatalities": 1, "notes": "On 2 November 2025, 2 groups of unidentified clan militia clashed in the Hilac area of Hawlwadag neighborhood in Belet Weyne town (Belet Weyne, Hiraan). The motive is unknown. 1 militia member was killed." }, "geometry": { "type": "Point", "coordinates": [ 45.2043, 4.736 ] } },
{ "type": "Feature", "properties": { "event_type": "Battles", "event_date": "2025-03-04T00:00:00", "year": 2025, "location": "Belet Weyne", "fatalities": 0, "notes": "On 4 March 2025, 2 groups of government security forces (SNA and NISA) clashed at the Qoraxsin forward operating base in Belet Weyne town (Belet Weyne, Hiraan). 3 civilians were injured. 2 NISA soldiers were arrested by SNA forces following" }, "geometry": { "type": "Point", "coordinates": [ 45.2043, 4.736 ] } },
{ "type": "Feature", "properties": { "event_type": "Battles", "event_date": "2024-12-28T00:00:00", "year": 2024, "location": "Belet Weyne", "fatalities": 0, "notes": "On 28 December 2024, Al Shabaab attacked Prison Guards and engaged them in an armed clash in Belet Weyne town (Belet Weyne, Hiraan), after the militants threw a hand grenade at the main gate of the prison, at least 2 guards were injured and" }, "geometry": { "type": "Point", "coordinates": [ 45.2043, 4.736 ] } },
{ "type": "Feature", "properties": { "event_type": "Battles", "event_date": "2025-01-01T00:00:00", "year": 2025, "location": "Belet Weyne", "fatalities": 0, "notes": "On 1 January 2025, an unidentified clan militia attacked government security forces (NISA/SNA) convoy escorting the FGS NISA Commander and engaged them in an armed clash at an illegal checkpoint in the outskirts of the Koshin neighborhood i" }, "geometry": { "type": "Point", "coordinates": [ 45.2043, 4.736 ] } },
{ "type": "Feature", "properties": { "event_type": "Strategic developments", "event_date": "2025-04-27T00:00:00", "year": 2025, "location": "Belet Weyne", "fatalities": 0, "notes": "Movement of forces: On 27 April 2025, about 250 heavily armed Al Shabaab dispersed across key areas in Shabeley Valley, Beled-Amin, and Dhayadaley Valley, near Belet Weyne town (Belet Weyne, Hiraan). The group has split its forces among the" }, "geometry": { "type": "Point", "coordinates": [ 45.2043, 4.736 ] } },
{ "type": "Feature", "properties": { "event_type": "Strategic developments", "event_date": "2025-01-05T00:00:00", "year": 2025, "location": "Belet Weyne", "fatalities": 0, "notes": "On 5 January 2025, Hawadle and Abgaal clan traditional elders and militias reached an agreement in Belet Weyne town (Belet Weyne, Hiraan), to resolve the clan conflict in both Middle Shabelle and Hiiran regions (coded separately). The two s" }, "geometry": { "type": "Point", "coordinates": [ 45.2043, 4.736 ] } },
{ "type": "Feature", "properties": { "event_type": "Battles", "event_date": "2025-01-06T00:00:00", "year": 2025, "location": "Belet Weyne", "fatalities": 2, "notes": "On 6 January 2025, Al Shabaab attacked government security forces (SNA) and engaged them in an armed clash at a base in Habar-Dero area near Belet Weyne town (Belet Weyne, Hiraan). Al Shabaab claimed killing 2 soldiers and injuring others." }, "geometry": { "type": "Point", "coordinates": [ 45.2043, 4.736 ] } },
{ "type": "Feature", "properties": { "event_type": "Battles", "event_date": "2025-01-09T00:00:00", "year": 2025, "location": "Belet Weyne", "fatalities": 1, "notes": "On 9 January 2025, government security forces (NISA and SNA) launched a joint operation targeting Hawadle clan militia's illegal checkpoints, between Belet Weyne and Mataban and engaged them in an armed clash in Qawlad area near Belet Weyne" }, "geometry": { "type": "Point", "coordinates": [ 45.2043, 4.736 ] } },
{ "type": "Feature", "properties": { "event_type": "Riots", "event_date": "2025-01-18T00:00:00", "year": 2025, "location": "Belet Weyne", "fatalities": 1, "notes": "On 18 January 2025, residents clashed with a member of a clan militia who was accused of robbing mobile phones in Belet Weyne town (Belet Weyne, Hiraan). The militia opened gunfire to disperse the crowd, and a stray bullet killed a passerby" }, "geometry": { "type": "Point", "coordinates": [ 45.2043, 4.736 ] } },
{ "type": "Feature", "properties": { "event_type": "Strategic developments", "event_date": "2025-01-18T00:00:00", "year": 2025, "location": "Belet Weyne", "fatalities": 0, "notes": "Weapons seizure: On 18 January 2025, government security forces (SNA) and Hawadle clan militia seized Al Shabaab weapons in the vicinity of Belet Weyne town (Belet Weyne, Hiraan)." }, "geometry": { "type": "Point", "coordinates": [ 45.2043, 4.736 ] } },
{ "type": "Feature", "properties": { "event_type": "Violence against civilians", "event_date": "2025-01-25T00:00:00", "year": 2025, "location": "Belet Weyne", "fatalities": 0, "notes": "On 25 January 2025, the Rahaweyn clan militia abducted 1 civilian from the same clan in the Heegan area of Hawlwadag in Belet Weyne town (Belet Weyne, Hiraan). The motivation stemmed from the clans seeking revenge as part of a blood money d" }, "geometry": { "type": "Point", "coordinates": [ 45.2043, 4.736 ] } },
{ "type": "Feature", "properties": { "event_type": "Battles", "event_date": "2025-01-29T00:00:00", "year": 2025, "location": "Belet Weyne", "fatalities": 1, "notes": "On 29 January 2025, overnight, Al Shabaab shot and killed 1 government soldier (SNA) at a checkpoint in Belet Weyne town (Belet Weyne, Hiraan). Al Shabaab claimed responsibility." }, "geometry": { "type": "Point", "coordinates": [ 45.2043, 4.736 ] } },
{ "type": "Feature", "properties": { "event_type": "Explosions/Remote violence", "event_date": "2025-02-04T00:00:00", "year": 2025, "location": "Belet Weyne", "fatalities": 0, "notes": "On 4 February 2025, two IEDs planted by Al Shabaab exploded, targeting Hirshabelle police forces at a Donsubagle checkpoint in Bundaweyne neighborhood in Belet town (Belet Weyne, Hiraan). The checkpoint previously manned by Makane clan mili" }, "geometry": { "type": "Point", "coordinates": [ 45.2043, 4.736 ] } },
{ "type": "Feature", "properties": { "event_type": "Explosions/Remote violence", "event_date": "2025-02-09T00:00:00", "year": 2025, "location": "Belet Weyne", "fatalities": 0, "notes": "On 9 February 2025, an IED planted by an unknown armed group (likely Al Shabaab, who carried out similar attacks and explosions in the Hiraan region) exploded in a teashop at Hilaac area of Hawlwadag neighborhood in Belet Weyne town (Belet " }, "geometry": { "type": "Point", "coordinates": [ 45.2043, 4.736 ] } },
{ "type": "Feature", "properties": { "event_type": "Battles", "event_date": "2025-11-12T00:00:00", "year": 2025, "location": "Belet Weyne", "fatalities": 1, "notes": "On 12 November 2025, a government soldier (NISA) shot and killed another soldier (SNA-Gorgor unit) at the Ceel Jaale neighborhood in Belet Weyne town (Belet Weyne, Hiraan) The motive was due to unknown dispute. The police arrested the perpe" }, "geometry": { "type": "Point", "coordinates": [ 45.2043, 4.736 ] } },
{ "type": "Feature", "properties": { "event_type": "Protests", "event_date": "2025-03-05T00:00:00", "year": 2025, "location": "Belet Weyne", "fatalities": 0, "notes": "On 5 March 2025, residents blocked roads (means unspecified) at the Hawlwadaag neighborhood in Belet Weyne town (Belet Weyne, Hiraan) in protest against the recent confrontation between the National Intelligence Security Agency (NISA) and t" }, "geometry": { "type": "Point", "coordinates": [ 45.2043, 4.736 ] } },
{ "type": "Feature", "properties": { "event_type": "Explosions/Remote violence", "event_date": "2025-03-08T00:00:00", "year": 2025, "location": "Belet Weyne", "fatalities": 0, "notes": "On 8 March 2025, overnight, Al Shabaab threw a hand grenade against Makane clan militia camp in Bundweyn in Belet Weyne village (Belet Weyne, Hiraan). There were no casualties and Al Shabaab claimed responsibility." }, "geometry": { "type": "Point", "coordinates": [ 45.2043, 4.736 ] } },
{ "type": "Feature", "properties": { "event_type": "Violence against civilians", "event_date": "2025-03-10T00:00:00", "year": 2025, "location": "Belet Weyne", "fatalities": 0, "notes": "On 10 March 2025, Makane clan militia shot and injured a civilian from Hawadle clan at the Isbartibo market of Bundoweyn in Belet Weyne town (Belet Weyne, Hiraan). The motive was due to an attempted extortion, as the victim refused to compl" }, "geometry": { "type": "Point", "coordinates": [ 45.2043, 4.736 ] } },
{ "type": "Feature", "properties": { "event_type": "Battles", "event_date": "2025-03-11T00:00:00", "year": 2025, "location": "Belet Weyne", "fatalities": 3, "notes": "On 11 March 2025, Al Shabaab militants engaged security forces (NISA and SNA) in an armed clash for about 18 hours at the Qahira hotel in Belet Weyne town (Belet Weyne, Hiiraan), after the militants exploded VBIED suicide bombers in the hot" }, "geometry": { "type": "Point", "coordinates": [ 45.2043, 4.736 ] } },
{ "type": "Feature", "properties": { "event_type": "Explosions/Remote violence", "event_date": "2025-03-11T00:00:00", "year": 2025, "location": "Belet Weyne", "fatalities": 0, "notes": "On 11 March 2025, an IED planted by Al Shabaab detonated, targeting government security forces (SNA) reinforcement convoy in the eastern vicinity of Belet Weyne town (Belet Weyne, Hiraan). Casualties unknown and Al Shabaab claimed responsib" }, "geometry": { "type": "Point", "coordinates": [ 45.2043, 4.736 ] } },
{ "type": "Feature", "properties": { "event_type": "Battles", "event_date": "2021-05-19T00:00:00", "year": 2021, "location": "Belet Weyne", "fatalities": 3, "notes": "On 19 May 2021, a Jejele clan militia clashed with a Makane clan militia in Beladu Karim village near Belet Weyne town (Belet Weyne, Hiraan). Three people were killed. The Jejele militia burned down houses and vandalized vehicles after the " }, "geometry": { "type": "Point", "coordinates": [ 45.2043, 4.736 ] } },
{ "type": "Feature", "properties": { "event_type": "Violence against civilians", "event_date": "2021-08-27T00:00:00", "year": 2021, "location": "Belet Weyne", "fatalities": 6, "notes": "On 27 August 2021, Dir clan militia shot and killed six farmers and injured other two from the Hawadle clan in Mohamed Gacal village near Belet Weyne town (Belet Weyne, Hiraan). The reason behind the incident is unknown." }, "geometry": { "type": "Point", "coordinates": [ 45.2043, 4.736 ] } },
{ "type": "Feature", "properties": { "event_type": "Battles", "event_date": "2021-08-24T00:00:00", "year": 2021, "location": "Belet Weyne", "fatalities": 0, "notes": "On 24 August 2021, a government police officer was injured during a shootout with another police officer in Koshin neighborhood in Belet Weyne town (Belet Weyne, Hiraan). The motive of the clash is unknown. No fatalities and/or injuries rep" }, "geometry": { "type": "Point", "coordinates": [ 45.2043, 4.736 ] } },
{ "type": "Feature", "properties": { "event_type": "Protests", "event_date": "2021-08-23T00:00:00", "year": 2021, "location": "Belet Weyne", "fatalities": 0, "notes": "On 23 August 2021, over hundred of local residents demonstrated against the HirShabelle administration and the state president in Belet Weyne town (Belet Weyne, Hiraan). The group were supporting the Abukar Haji Warsame Xuud militia for sta" }, "geometry": { "type": "Point", "coordinates": [ 45.2043, 4.736 ] } },
{ "type": "Feature", "properties": { "event_type": "Battles", "event_date": "2021-08-22T00:00:00", "year": 2021, "location": "Belet Weyne", "fatalities": 1, "notes": "On 22 August 2021, police forces clashed with Abukar Haji Warsame Xuud militia near the stadium in Belet Weyne town (Belet Weyne, Hiraan). One police officer was killed and two others were injured." }, "geometry": { "type": "Point", "coordinates": [ 45.2043, 4.736 ] } },
{ "type": "Feature", "properties": { "event_type": "Violence against civilians", "event_date": "2021-08-12T00:00:00", "year": 2021, "location": "Belet Weyne", "fatalities": 1, "notes": "On 12 August 2021, suspected Al Shabaab militants shot and killed a mechanic from the Somali Arab community at the Bundo-weyne village in Belet Weyene town (Belet Weyne, Hiraan). The motive of the killing is unknown." }, "geometry": { "type": "Point", "coordinates": [ 45.2043, 4.736 ] } },
{ "type": "Feature", "properties": { "event_type": "Violence against civilians", "event_date": "2021-08-06T00:00:00", "year": 2021, "location": "Belet Weyne", "fatalities": 1, "notes": "On 6 August 2021, unidentified gunmen shot and killed a businessmen at his place of work in Howlwadaag village in Belet Weyne town (Belet Weyne, Hiraan)." }, "geometry": { "type": "Point", "coordinates": [ 45.2043, 4.736 ] } },
{ "type": "Feature", "properties": { "event_type": "Violence against civilians", "event_date": "2021-08-02T00:00:00", "year": 2021, "location": "Belet Weyne", "fatalities": 0, "notes": "On 2 August 2021, Gaaljecel-Caafi sub-clan militia abducted eleven civilians and a vehicle from Hawadle clan in Hawlwadaag village of Belet Weyne town (Belet Weyne, Hiraan). The motive behind the abduction is related to the abduction of two" }, "geometry": { "type": "Point", "coordinates": [ 45.2043, 4.736 ] } },
{ "type": "Feature", "properties": { "event_type": "Battles", "event_date": "2022-02-17T00:00:00", "year": 2022, "location": "Belet Weyne", "fatalities": 1, "notes": "On 17 February 2022, two groups of police forces (Har Macad and Hirshabelle) clashed inside a police station in Belet Weyne town (Belet Weyne, Hiraan). The Belet Weyne police commander was killed. The clash came after the commander conducte" }, "geometry": { "type": "Point", "coordinates": [ 45.2043, 4.736 ] } },
{ "type": "Feature", "properties": { "event_type": "Battles", "event_date": "2021-07-17T00:00:00", "year": 2021, "location": "Belet Weyne", "fatalities": 1, "notes": "On 17 July 2021, suspected Al Shabaab militants shot and killed a government soldier at Kutimbo unit in Kooshin village in Belet Weyne town (Belet Weyne, Hiraan)." }, "geometry": { "type": "Point", "coordinates": [ 45.2043, 4.736 ] } },
{ "type": "Feature", "properties": { "event_type": "Violence against civilians", "event_date": "2021-06-23T00:00:00", "year": 2021, "location": "Belet Weyne", "fatalities": 1, "notes": "Around 23 June 2021 (as reported), Al-Shabaab militants in Shaw village near Belet Weyne (Belet Weyne, Hiraan) publicly executed a man who allegedly killed his mother and brother, following a death sentence." }, "geometry": { "type": "Point", "coordinates": [ 45.2043, 4.736 ] } },
{ "type": "Feature", "properties": { "event_type": "Violence against civilians", "event_date": "2021-06-21T00:00:00", "year": 2021, "location": "Belet Weyne", "fatalities": 1, "notes": "On 21 June 2021, a group of Al-Shabaab attacked in Belet Weyne (Belet Weyne, Hiraan) the chairperson of Hiraan Regional Youth organization . The chairperson was shot and killed. Three people were also injured." }, "geometry": { "type": "Point", "coordinates": [ 45.2043, 4.736 ] } },
{ "type": "Feature", "properties": { "event_type": "Battles", "event_date": "2021-06-21T00:00:00", "year": 2021, "location": "Belet Weyne", "fatalities": 0, "notes": "On 21 June 2021, a group of Al-Shabaab militants in Belet Weyne (Belet Weyne, Hiraan) clashed with members of the Somali National Army (SNA). No fatalities and/or injuries reported." }, "geometry": { "type": "Point", "coordinates": [ 45.2043, 4.736 ] } },
{ "type": "Feature", "properties": { "event_type": "Explosions/Remote violence", "event_date": "2021-06-04T00:00:00", "year": 2021, "location": "Belet Weyne", "fatalities": 0, "notes": "On 4 June 2021, suspected Al Shabaab militants threw a hand grenade at the Horseed government police checkpoint in Hawatako village neighborhood in Belet Weyne town (Belet Weyne, Hiraan). No fatalities and/or injuries reported." }, "geometry": { "type": "Point", "coordinates": [ 45.2043, 4.736 ] } },
{ "type": "Feature", "properties": { "event_type": "Violence against civilians", "event_date": "2021-06-03T00:00:00", "year": 2021, "location": "Belet Weyne", "fatalities": 0, "notes": "On 3 June 2021, Gaaljecel clan militia shot and injured a business truck driver on the LiiqLiiqato bridge near Hawlwadaag village in Belet Weyne town (Belet Weyne, Hiraan). This event is related to the unresolved misunderstanding between th" }, "geometry": { "type": "Point", "coordinates": [ 45.2043, 4.736 ] } },
{ "type": "Feature", "properties": { "event_type": "Protests", "event_date": "2021-05-22T00:00:00", "year": 2021, "location": "Belet Weyne", "fatalities": 0, "notes": "On 22 May 2021, about a hundred people demonstrated against the Hirshabelle and Hiran regional administrations on the main road of Nur Hawad section to the Dhagah Jabis waterway in Belet Weyne town (Belet Weyne, Hiraan)." }, "geometry": { "type": "Point", "coordinates": [ 45.2043, 4.736 ] } },
{ "type": "Feature", "properties": { "event_type": "Explosions/Remote violence", "event_date": "2025-03-11T00:00:00", "year": 2025, "location": "Belet Weyne", "fatalities": 16, "notes": "On 11 March 2025, Al Shabaab launched a VBIED suicide attack targeting Gaaljecel clan elders and SNA officers from the same clan (off-duty) at the Qahira hotel in Belet Weyne town (Belet Weyne, Hiiraan). 2 Al Shabaab suicide bombers and at " }, "geometry": { "type": "Point", "coordinates": [ 45.2043, 4.736 ] } },
{ "type": "Feature", "properties": { "event_type": "Violence against civilians", "event_date": "2025-08-26T00:00:00", "year": 2025, "location": "Belet Weyne", "fatalities": 0, "notes": "On 26 August 2025, Al Shabaab abducted more than 30 clan elders from Hawadle clan near Belet Weyne town (Hiraan, Middle Shabelle). The elders were taken to the Buqda Caqable." }, "geometry": { "type": "Point", "coordinates": [ 45.2043, 4.736 ] } },
{ "type": "Feature", "properties": { "event_type": "Battles", "event_date": "2025-05-07T00:00:00", "year": 2025, "location": "Belet Weyne", "fatalities": 1, "notes": "On 7 May 2025, overnight, government security forces (SNA) ambushed Al Shabaab operatives and engaged them in an armed clash in Belet Weyne town (Belet Weyne, Hiraan). 1 militant was killed and 2 others were injured." }, "geometry": { "type": "Point", "coordinates": [ 45.2043, 4.736 ] } },
{ "type": "Feature", "properties": { "event_type": "Explosions/Remote violence", "event_date": "2025-05-08T00:00:00", "year": 2025, "location": "Belet Weyne", "fatalities": 0, "notes": "On 8 May 2025, an IED concealed on top of a police checkpoint planted by Al Shabaab exploded, targeting police officers at the checkpoint in Kutiimbo area in Koshin neighborhood in Belet Weyne town (Belet Weyne, Hiraan). The police forces w" }, "geometry": { "type": "Point", "coordinates": [ 45.2043, 4.736 ] } },
{ "type": "Feature", "properties": { "event_type": "Explosions/Remote violence", "event_date": "2025-05-08T00:00:00", "year": 2025, "location": "Belet Weyne", "fatalities": 0, "notes": "On 8 May 2025, an IED planted by Al Shabaab exploded, targeting government security forces (SNA) at the checkpoint in Indhafiiq neighborhood in Belet Weyne town (Belet Weyne, Hiraan). 1 soldier was injured." }, "geometry": { "type": "Point", "coordinates": [ 45.2043, 4.736 ] } },
{ "type": "Feature", "properties": { "event_type": "Strategic developments", "event_date": "2025-05-10T00:00:00", "year": 2025, "location": "Belet Weyne", "fatalities": 0, "notes": "Movement of forces: On 10 May 2025, Hawadle clan militia were deployed in Ceel Dheere Buraale village near Belet Weyne town (Belet Weyne, Hiraan). The clan militia to join the fight against Al Shabaab." }, "geometry": { "type": "Point", "coordinates": [ 45.2043, 4.736 ] } },
{ "type": "Feature", "properties": { "event_type": "Violence against civilians", "event_date": "2025-05-19T00:00:00", "year": 2025, "location": "Belet Weyne", "fatalities": 0, "notes": "On 19 May 2025, Jejele clan militia attacked a minibus with passengers from Makane clan in Belet Weyne town (Belet Weyne, Hiraan). The driver and a passenger were injured. The motive was due to a dispute between Jejeele and Makane clan." }, "geometry": { "type": "Point", "coordinates": [ 45.2043, 4.736 ] } },
{ "type": "Feature", "properties": { "event_type": "Explosions/Remote violence", "event_date": "2025-06-14T00:00:00", "year": 2025, "location": "Belet Weyne", "fatalities": 0, "notes": "On 14 June 2025, an IED planted by Al Shabaab exploded, targeting Hirshabelle police forces at a checkpoint in Belet Weyne town (Belet Weyne, Hiraan). Casualties unknown. Al Shabaab claimed responsibility." }, "geometry": { "type": "Point", "coordinates": [ 45.2043, 4.736 ] } },
{ "type": "Feature", "properties": { "event_type": "Explosions/Remote violence", "event_date": "2025-06-25T00:00:00", "year": 2025, "location": "Belet Weyne", "fatalities": 0, "notes": "On 25 June 2025, an IED planted by Al Shabaab exploded, targeting government security forces (SNA) in Belet Weyne town (Belet Weyne, Hiraan). 3 soldiers were injured. Al Shabaab claimed responsibility." }, "geometry": { "type": "Point", "coordinates": [ 45.2043, 4.736 ] } },
{ "type": "Feature", "properties": { "event_type": "Battles", "event_date": "2025-06-27T00:00:00", "year": 2025, "location": "Belet Weyne", "fatalities": 1, "notes": "On 27 June 2025, overnight, Al Shabaab shot and killed a government soldier (SNA) at a checkpoint in Belet Weyne town (Belet Weyne, Hiiraan). Al Shabaab claimed responsibility." }, "geometry": { "type": "Point", "coordinates": [ 45.2043, 4.736 ] } },
{ "type": "Feature", "properties": { "event_type": "Violence against civilians", "event_date": "2025-06-28T00:00:00", "year": 2025, "location": "Belet Weyne", "fatalities": 1, "notes": "On 28 June 2025, unidentified gunmen shot and killed an elderly government soldier (SNA) at his residence (off-duty) in the Eljale neighborhood of Koshin in Belet Weyne town (Belet Weyne, Gedo)." }, "geometry": { "type": "Point", "coordinates": [ 45.2043, 4.736 ] } },
{ "type": "Feature", "properties": { "event_type": "Explosions/Remote violence", "event_date": "2025-06-29T00:00:00", "year": 2025, "location": "Belet Weyne", "fatalities": 0, "notes": "On 29 June 2025, an IED planted by an unknown armed group (likely Al Shabaab due to similar attacks by the group) exploded, targeting civilians in Cabdi-Coon neighborhood of Bundaweyn in Belet Weyne town (Belet Weyne, Hiraan). 2 civilians w" }, "geometry": { "type": "Point", "coordinates": [ 45.2043, 4.736 ] } },
{ "type": "Feature", "properties": { "event_type": "Protests", "event_date": "2025-07-09T00:00:00", "year": 2025, "location": "Belet Weyne", "fatalities": 0, "notes": "On 9 July 2025, around 10 residents and traders protested against the rise of insecurity in the Halwadaag area of Belet Weyne town (Belet Weyne, Hiraan). They demanded that local forces and the administration address the high number of robb" }, "geometry": { "type": "Point", "coordinates": [ 45.2043, 4.736 ] } },
{ "type": "Feature", "properties": { "event_type": "Explosions/Remote violence", "event_date": "2025-07-09T00:00:00", "year": 2025, "location": "Belet Weyne", "fatalities": 0, "notes": "On 9 July 2025, an IED planted by Al Shabaab exploded, targeting government security forces (SNA) at a checkpoint in Belet Weyne town (Belet Weyne, Hiraan). Casualties unknown. Al Shabaab claimed responsibility." }, "geometry": { "type": "Point", "coordinates": [ 45.2043, 4.736 ] } },
{ "type": "Feature", "properties": { "event_type": "Explosions/Remote violence", "event_date": "2025-07-21T00:00:00", "year": 2025, "location": "Belet Weyne", "fatalities": 1, "notes": "On 21 July 2025, an IED planted by Al Shabaab exploded, targeting government security forces (SNA) at a checkpoint in Belet Weyne town (Belet Weyne, Hiraan). Al Shabaab claimed to have killed 1 soldier and another was injured" }, "geometry": { "type": "Point", "coordinates": [ 45.2043, 4.736 ] } },
{ "type": "Feature", "properties": { "event_type": "Violence against civilians", "event_date": "2026-01-06T00:00:00", "year": 2026, "location": "Belet Weyne", "fatalities": 1, "notes": "On 6 January 2026, a government soldier (SNA) shot and killed a civilian at a checkpoint in Buundaweyn neighborhood in Belet Weyne town (Belet Weyne, Hiraan). The individual was driving a private vehicle when checkpoint personnel attempted " }, "geometry": { "type": "Point", "coordinates": [ 45.2043, 4.736 ] } },
{ "type": "Feature", "properties": { "event_type": "Explosions/Remote violence", "event_date": "2023-08-05T00:00:00", "year": 2023, "location": "Belet Weyne", "fatalities": 10, "notes": "On 5 August 2023, US forces, ATMIS and government security forces (SNA) conducted an airstrike against Al Shabaab in Qoob Yahaas village near Belet Weyne town (Belet Weyne, Hiraan). The airstrike targeted the militants gathering in the area" }, "geometry": { "type": "Point", "coordinates": [ 45.2043, 4.736 ] } },
{ "type": "Feature", "properties": { "event_type": "Battles", "event_date": "2026-01-03T00:00:00", "year": 2026, "location": "Belet Weyne", "fatalities": 0, "notes": "On 3 January 2026, 2 of Bantu-Jareer-Weyne Seddex-Cumurow sub-clan militia clashed at the Bundaweyn area in Belet Weyne town (Belet Weyne, Hiraan). The motive was due to narcotics-related disputes. 2 people were injured." }, "geometry": { "type": "Point", "coordinates": [ 45.2043, 4.736 ] } },
{ "type": "Feature", "properties": { "event_type": "Violence against civilians", "event_date": "2025-11-13T00:00:00", "year": 2025, "location": "Belet Weyne", "fatalities": 1, "notes": "On 13 November 2025, Hawiye-Hawadle-Yaber Dige sub-clan attacked civilians form the same clan in Goodir hotel in Belet Weyene town (Belet Weyne, Hiraan). The groups opposed the inauguration of a new clan elder for the sub-clan. 1 civilian w" }, "geometry": { "type": "Point", "coordinates": [ 45.2043, 4.736 ] } },
{ "type": "Feature", "properties": { "event_type": "Battles", "event_date": "2025-11-17T00:00:00", "year": 2025, "location": "Belet Weyne", "fatalities": 1, "notes": "On 17 November 2025, government security forces (SNA) clashed with Private Security Forces at the Goodir hotel in Belet Weyne town (Belet Weyne, Hiraan). The confrontation resulted from the soldiers' refusal to pay for the services they rec" }, "geometry": { "type": "Point", "coordinates": [ 45.2043, 4.736 ] } },
{ "type": "Feature", "properties": { "event_type": "Explosions/Remote violence", "event_date": "2025-12-02T00:00:00", "year": 2025, "location": "Belet Weyne", "fatalities": 3, "notes": "On 2 December 2025, overnight, an IED planted by Al Shabaab exploded, targeting government security forces (SNA) at a checkpoint in Liqliqato bridge in Belet Weyne town (Belet Weyne, Hiraan). Al Shabaab claimed to have killed and injured so" }, "geometry": { "type": "Point", "coordinates": [ 45.2043, 4.736 ] } },
{ "type": "Feature", "properties": { "event_type": "Explosions/Remote violence", "event_date": "2025-12-06T00:00:00", "year": 2025, "location": "Belet Weyne", "fatalities": 3, "notes": "On 6 December 2025, an IED planted by Al Shabaab exploded, targeting police forces at a checkpoint in the Koshin neighborhood in Belet Weyne town (Belet Weyne, Hiraan). Al Shabaab claimed to killed and injured police officers. Unspecified n" }, "geometry": { "type": "Point", "coordinates": [ 45.2043, 4.736 ] } },
{ "type": "Feature", "properties": { "event_type": "Strategic developments", "event_date": "2025-12-11T00:00:00", "year": 2025, "location": "Belet Weyne", "fatalities": 0, "notes": "Non-violent activity: On 11 December 2025, Hawiye-Hawadle sub-clan militia established a new illegal checkpoint in the entry point of Beledweyne airport checkpoint 41 in Belet Weyne town (Belet Weyne, Hiraan). The clan militants started col" }, "geometry": { "type": "Point", "coordinates": [ 45.2043, 4.736 ] } },
{ "type": "Feature", "properties": { "event_type": "Explosions/Remote violence", "event_date": "2025-12-17T00:00:00", "year": 2025, "location": "Belet Weyne", "fatalities": 0, "notes": "On 17 December 2025, Al Shabaab threw a hand grenade targeting Hirshabelle police forces checkpoint at the main police station in Halak area of Hawlwadag neighborhood in Belet Weyne town (Belet Weyne, Hiraan). Casualties unknown. Al Shabaab" }, "geometry": { "type": "Point", "coordinates": [ 45.2043, 4.736 ] } },
{ "type": "Feature", "properties": { "event_type": "Riots", "event_date": "2025-12-19T00:00:00", "year": 2025, "location": "Belet Weyne", "fatalities": 0, "notes": "On 19 December 2025, 2 groups of Muslim groups engaged in fist fight at the Arabta mosque in Belet Weyne town (Belet Weyne, Hiraan). The motive was due to disagreement over money and management of the mosque." }, "geometry": { "type": "Point", "coordinates": [ 45.2043, 4.736 ] } },
{ "type": "Feature", "properties": { "event_type": "Battles", "event_date": "2025-12-27T00:00:00", "year": 2025, "location": "Belet Weyne", "fatalities": 1, "notes": "On 27 December 2025, Al Shabaab shot and killed a Hawiye-Hawadle sub-clan militia in the Bacadaha area of Hawlwadag neighborhood in Belet Weyne town (Belet Weyne, Hiraan). The militants confiscated the weapons of the clan militia. Al Shabaa" }, "geometry": { "type": "Point", "coordinates": [ 45.2043, 4.736 ] } },
{ "type": "Feature", "properties": { "event_type": "Explosions/Remote violence", "event_date": "2025-12-27T00:00:00", "year": 2025, "location": "Belet Weyne", "fatalities": 0, "notes": "On 27 December 2025, an IED planted by Al Shabaab exploded, targeting government security forces (SNA) at a checkpoint in Belet Weyne town (Belet Weyne, Hiraan). Al Shabaab claimed to have injured soldiers." }, "geometry": { "type": "Point", "coordinates": [ 45.2043, 4.736 ] } },
{ "type": "Feature", "properties": { "event_type": "Battles", "event_date": "2025-12-29T00:00:00", "year": 2025, "location": "Belet Weyne", "fatalities": 0, "notes": "On 29 December 2025, overnight, Al Shabaab clashed with government security forces (SNA) at checkpoint in Indhafiiq area in Hawlwadag neighborhood and Lamagalaay neighborhood in Belet Weyne town (Belet Weyne, Hiraan). The clash was initiate" }, "geometry": { "type": "Point", "coordinates": [ 45.2043, 4.736 ] } },
{ "type": "Feature", "properties": { "event_type": "Protests", "event_date": "2025-12-31T00:00:00", "year": 2025, "location": "Belet Weyne", "fatalities": 0, "notes": "On 31 December 2025, residents protested in Belet Weyne town (Belet Weyne, Hiraan) against Israel's recognition of Somaliland as an independent country." }, "geometry": { "type": "Point", "coordinates": [ 45.2043, 4.736 ] } },
{ "type": "Feature", "properties": { "event_type": "Battles", "event_date": "2026-01-03T00:00:00", "year": 2026, "location": "Belet Weyne", "fatalities": 0, "notes": "On 3 January 2026, Al Shabaab clashed with government security forces (SNA) at a checkpoint in Belet Weyne town (Belet Weyne, Hiraan). 1 soldier was injured. Al Shabaab claimed responsibility." }, "geometry": { "type": "Point", "coordinates": [ 45.2043, 4.736 ] } },
{ "type": "Feature", "properties": { "event_type": "Explosions/Remote violence", "event_date": "2023-08-10T00:00:00", "year": 2023, "location": "Belet Weyne", "fatalities": 0, "notes": "On 10 August 2023, Al Shabaab threw a hand grenade against government security forces (SNA) base at the Buundawayn in Belet Weyne town (Belet Weyne, Hiraan). There were no casualties. Al Shabaab claimed responsibility." }, "geometry": { "type": "Point", "coordinates": [ 45.2043, 4.736 ] } },
{ "type": "Feature", "properties": { "event_type": "Explosions/Remote violence", "event_date": "2026-06-28T00:00:00", "year": 2026, "location": "Belet Weyne", "fatalities": 0, "notes": "On 28 June 2026, overnight, Al Shabaab threw a hand grenade at a Hirshabelle police checkpoint in Burka Ugaaska area in Koshin neighborhood in Belet Weyne town (Belet Weyne, Hiraan). Al Shabaab claimed to have injured soldiers." }, "geometry": { "type": "Point", "coordinates": [ 45.2043, 4.736 ] } },
{ "type": "Feature", "properties": { "event_type": "Explosions/Remote violence", "event_date": "2026-01-07T00:00:00", "year": 2026, "location": "Belet Weyne", "fatalities": 0, "notes": "On 7 January 2026, an IED planted by Al Shabaab exploded, targeting the residence of police officers and a government soldier (SNA) in Buundaweyn neighborhood in Belet Weyne town (Belet Weyne, Hiraan). The explosion damaged the main gate an" }, "geometry": { "type": "Point", "coordinates": [ 45.2043, 4.736 ] } },
{ "type": "Feature", "properties": { "event_type": "Battles", "event_date": "2026-01-13T00:00:00", "year": 2026, "location": "Belet Weyne", "fatalities": 3, "notes": "On 13 January 2026, overnight, Al Shabaab clashed with government security forces (SNA) and Bantu-Jareer-Weyne Makane sub-clan in the Doonsubagle area, Buundaweyn neighborhood of Belet Weyne town (Belet Weyne, Hiiraan). The clash was initia" }, "geometry": { "type": "Point", "coordinates": [ 45.2043, 4.736 ] } },
{ "type": "Feature", "properties": { "event_type": "Strategic developments", "event_date": "2026-01-17T00:00:00", "year": 2026, "location": "Belet Weyne", "fatalities": 0, "notes": "Non-violent activity: On 17 January 2026, unidentified clan militia loyal to Himilo Company established an illegal roadblock on the main access route to the AU/UN compound near the AUSSOM DNDF checkpoint in Belet Weyne town (Belet Weyne, Hi" }, "geometry": { "type": "Point", "coordinates": [ 45.2043, 4.736 ] } },
{ "type": "Feature", "properties": { "event_type": "Strategic developments", "event_date": "2026-01-18T00:00:00", "year": 2026, "location": "Belet Weyne", "fatalities": 0, "notes": "Non-violent activity: On 18 January 2026, for the second day, unidentified clan militia loyal to Himilo Company established an illegal roadblock on the main access route to the AU/UN compound near the AUSSOM DNDF checkpoint in Belet Weyne t" }, "geometry": { "type": "Point", "coordinates": [ 45.2043, 4.736 ] } },
{ "type": "Feature", "properties": { "event_type": "Strategic developments", "event_date": "2026-01-19T00:00:00", "year": 2026, "location": "Belet Weyne", "fatalities": 0, "notes": "Non-violent activity: On 19 January 2026, and for the third day, unidentified clan militia loyal to Himilo Company established an illegal roadblock on the main access route to the AU/UN compound near the AUSSOM DNDF checkpoint in Belet Weyn" }, "geometry": { "type": "Point", "coordinates": [ 45.2043, 4.736 ] } },
{ "type": "Feature", "properties": { "event_type": "Strategic developments", "event_date": "2026-01-26T00:00:00", "year": 2026, "location": "Belet Weyne", "fatalities": 0, "notes": "On 26 January 2026, Hawiye-Hawadle-Ali Madaxweyne sub-clan militia and Hawiye-Hawadle-Madaxweyne Ciise sub-clan reached an agreement in Belet Weyne town (Belet Weyne, Hiraan). The militias elected and supported the Sultan of Beesha Dige." }, "geometry": { "type": "Point", "coordinates": [ 45.2043, 4.736 ] } },
{ "type": "Feature", "properties": { "event_type": "Violence against civilians", "event_date": "2026-01-29T00:00:00", "year": 2026, "location": "Belet Weyne", "fatalities": 0, "notes": "On 29 January 2026, a group of 5 people, including 2 government soldiers (SNA), raped a young girl in the Bunda Aroos neighborhood on the outskirts of Belet Weyne town (Belet Weyne, Hiraan). They filmed the incident and circulated the foota" }, "geometry": { "type": "Point", "coordinates": [ 45.2043, 4.736 ] } },
{ "type": "Feature", "properties": { "event_type": "Protests", "event_date": "2026-02-01T00:00:00", "year": 2026, "location": "Belet Weyne", "fatalities": 0, "notes": "On 1 February 2026, a small group of women protested in Nurhawad neighborhood in Belet Weyne town (Belet Weyne, Hiraan) against the rape of a young female by a group of young men, including two SNA soldiers, in the Bunda Aroos (coded separa" }, "geometry": { "type": "Point", "coordinates": [ 45.2043, 4.736 ] } },
{ "type": "Feature", "properties": { "event_type": "Battles", "event_date": "2026-02-06T00:00:00", "year": 2026, "location": "Belet Weyne", "fatalities": 0, "notes": "On 6 February 2026, government security forces (SNA) and Hawiye-Hawadle sub-clan militia clashed with Al Shabaab in Qowl village near Belet Weyne town (Belet Weyne, Hiraan). There were no casualties." }, "geometry": { "type": "Point", "coordinates": [ 45.2043, 4.736 ] } },
{ "type": "Feature", "properties": { "event_type": "Battles", "event_date": "2026-02-07T00:00:00", "year": 2026, "location": "Belet Weyne", "fatalities": 7, "notes": "On 7 February 2026, government security forces (SNA) and Hawiye-Hawadle sub-clan militia clashed with Al Shabaab in Qowl village near Belet Weyne town (Belet Weyne, Hiraan). More than 7 militants were killed." }, "geometry": { "type": "Point", "coordinates": [ 45.2043, 4.736 ] } },
{ "type": "Feature", "properties": { "event_type": "Explosions/Remote violence", "event_date": "2026-02-09T00:00:00", "year": 2026, "location": "Belet Weyne", "fatalities": 0, "notes": "On 9 February 2026, Al Shabaab threw a hand grenade targeting government soldiers (SNA) at the NIRA registration Office in Koshin in Belet Weyne town (Belet Weyne, Hiraan). 1 soldier was injured." }, "geometry": { "type": "Point", "coordinates": [ 45.2043, 4.736 ] } },
{ "type": "Feature", "properties": { "event_type": "Explosions/Remote violence", "event_date": "2024-02-10T00:00:00", "year": 2024, "location": "Belet Weyne", "fatalities": 1, "notes": "On 10 February 2024, an IED planted by suspected Al Shabaab detonated, targeting government security forces (SNA) at a checkpoint in Guufale neighborhood in Belet Weyne town (Belet Weyne, Hiraan). One soldier was killed and three others wer" }, "geometry": { "type": "Point", "coordinates": [ 45.2043, 4.736 ] } },
{ "type": "Feature", "properties": { "event_type": "Strategic developments", "event_date": "2023-12-07T00:00:00", "year": 2023, "location": "Belet Weyne", "fatalities": 0, "notes": "On 7 December 2023, government security forces (SNA) and Hawadle clan militia took control over the Boocow village near Nuur Faarax village near Belet Weyne town (Belet Weyne, Hiraan) from Al Shabaab. No clash was reported." }, "geometry": { "type": "Point", "coordinates": [ 45.2043, 4.736 ] } },
{ "type": "Feature", "properties": { "event_type": "Violence against civilians", "event_date": "2023-12-17T00:00:00", "year": 2023, "location": "Belet Weyne", "fatalities": 1, "notes": "On 17 December 2023, Hawadle Ali Madahweyna sub-clan militia shot and killed a civilian man from Sheeqaal clan over land dispute in the vicinity of Ilka Ade village near Belet Weyne, Belet Weyne, Hiiraan)." }, "geometry": { "type": "Point", "coordinates": [ 45.2043, 4.736 ] } },
{ "type": "Feature", "properties": { "event_type": "Battles", "event_date": "2023-12-22T00:00:00", "year": 2023, "location": "Belet Weyne", "fatalities": 1, "notes": "On 22 December 2023, Hawadle clan militia shot and killed Al Shabaab member from Makane clan in Hira Bile village near Belet Weyne town (Belet Weyne, Hiraan)." }, "geometry": { "type": "Point", "coordinates": [ 45.2043, 4.736 ] } },
{ "type": "Feature", "properties": { "event_type": "Battles", "event_date": "2026-04-16T00:00:00", "year": 2026, "location": "Belet Weyne", "fatalities": 1, "notes": "On 16 April 2026, 2 groups of government security forces (NISA and SNA) clashed in the Howlwadag area in Belet Weyne town (Belet Weyne, Hiraan). The clash was triggered by a dispute over the installation of an internet cable by Hormuud Tele" }, "geometry": { "type": "Point", "coordinates": [ 45.2043, 4.736 ] } },
{ "type": "Feature", "properties": { "event_type": "Battles", "event_date": "2025-03-12T00:00:00", "year": 2025, "location": "Belet Weyne", "fatalities": 0, "notes": "On 12 March 2025, Al Shabaab attacked government security forces (SNA) at the Ba'ahda forward operating base in Belet Weyne town (Belet Weyne, Hiraan) to disrupt the reinforcement of the security forces in the frontline around Qahira Hotel." }, "geometry": { "type": "Point", "coordinates": [ 45.2043, 4.736 ] } },
{ "type": "Feature", "properties": { "event_type": "Battles", "event_date": "2025-03-18T00:00:00", "year": 2025, "location": "Belet Weyne", "fatalities": 0, "notes": "On 18 March 2025, overnight, Al Shabaab attacked and shot ar the leader of Makane clan militia at Budoweyne neighborhood in Belet Weyne town (Belet Weyne, Hiraan). There were no casualties." }, "geometry": { "type": "Point", "coordinates": [ 45.2043, 4.736 ] } },
{ "type": "Feature", "properties": { "event_type": "Explosions/Remote violence", "event_date": "2025-04-09T00:00:00", "year": 2025, "location": "Belet Weyne", "fatalities": 0, "notes": "On 9 April 2025, overnight, Al Shabaab threw 2 hand grenades against Hirshabelle police forces at a checkpoint in the Bundoweyne and Gerashka Barandhada area in Norhawad neighborhood in Belet Weyne town (Belet Weyne, Hiraan). 1 police offic" }, "geometry": { "type": "Point", "coordinates": [ 45.2043, 4.736 ] } },
{ "type": "Feature", "properties": { "event_type": "Strategic developments", "event_date": "2025-04-16T00:00:00", "year": 2025, "location": "Belet Weyne", "fatalities": 0, "notes": "Movement of forces: On 16 April 2025, AUSSOM DNDF troops were deployed in Belet Weyne town (Belet Weyne). The forces are part of the new Africa Union mission." }, "geometry": { "type": "Point", "coordinates": [ 45.2043, 4.736 ] } },
{ "type": "Feature", "properties": { "event_type": "Explosions/Remote violence", "event_date": "2025-01-04T00:00:00", "year": 2025, "location": "Belet Weyne", "fatalities": 0, "notes": "On 4 January 2025, Al Shabaab threw a hand grenade against government security forces (SNA) at a checkpoint in Belet Weyne town (Belet Weyne, Hiraan). Al Shabaab claimed that unspecified number of soldiers were injured." }, "geometry": { "type": "Point", "coordinates": [ 45.2043, 4.736 ] } },
{ "type": "Feature", "properties": { "event_type": "Explosions/Remote violence", "event_date": "2025-08-30T00:00:00", "year": 2025, "location": "Belet Weyne", "fatalities": 0, "notes": "On 30 August 2025, Al Shabaab threw two hand grenade targeting Makane clan militia gathering site near the main prison area in Bundaweyn neighborhood in Belet Weyne town (Belet Weyne, Hiraan). 1 civilian bystander was injured. Al Shabaab cl" }, "geometry": { "type": "Point", "coordinates": [ 45.2043, 4.736 ] } },
{ "type": "Feature", "properties": { "event_type": "Battles", "event_date": "2025-09-03T00:00:00", "year": 2025, "location": "Belet Weyne", "fatalities": 0, "notes": "On 3 September 2025, police forces clashed with Makane clan militia at the Bundaweyn neighborhood in Belet Weyne town (Belet Weyne, Hiraan). After the clan militia disrupted an assessment process conducted by a contracted company. 2 people " }, "geometry": { "type": "Point", "coordinates": [ 45.2043, 4.736 ] } },
{ "type": "Feature", "properties": { "event_type": "Violence against civilians", "event_date": "2025-09-08T00:00:00", "year": 2025, "location": "Belet Weyne", "fatalities": 2, "notes": "On 8 September 2025, overnight, an unidentified clan militia shot and killed two civilian farmers Qabxaanka in Belet Weyne town (Belet Weyne, Hiraan)." }, "geometry": { "type": "Point", "coordinates": [ 45.2043, 4.736 ] } },
{ "type": "Feature", "properties": { "event_type": "Explosions/Remote violence", "event_date": "2025-09-18T00:00:00", "year": 2025, "location": "Belet Weyne", "fatalities": 0, "notes": "On 18 September 2025, Al Shabaab threw a hand grenade against government security forces (SNA) at a checkpoint in Belet Weyne town (Belet Weyne, Hiraan). There were no casualties. Al Shabaab claimed responsibility." }, "geometry": { "type": "Point", "coordinates": [ 45.2043, 4.736 ] } },
{ "type": "Feature", "properties": { "event_type": "Battles", "event_date": "2025-09-28T00:00:00", "year": 2025, "location": "Belet Weyne", "fatalities": 1, "notes": "On 28 September 2025, 2 groups of government security forces (SNA) clashed at the Suuqa Daraawiishta neighborhood in Belet Weyne town (Belet Weyne, Hiiraan). The motive of the clash is unknown. 1 soldier was killed, and 5 civilian bystander" }, "geometry": { "type": "Point", "coordinates": [ 45.2043, 4.736 ] } },
{ "type": "Feature", "properties": { "event_type": "Strategic developments", "event_date": "2025-10-08T00:00:00", "year": 2025, "location": "Belet Weyne", "fatalities": 0, "notes": "Recruitment: On 8 October 2025, Al Shabaab recruited an unspecified number of children near Belet Weyne town (Belet Weyne, Hiraan), Cel Qoxle, Tarda, and Mabaax (coded separately). After the militants started a campaign to recruit child sol" }, "geometry": { "type": "Point", "coordinates": [ 45.2043, 4.736 ] } },
{ "type": "Feature", "properties": { "event_type": "Explosions/Remote violence", "event_date": "2025-10-15T00:00:00", "year": 2025, "location": "Belet Weyne", "fatalities": 3, "notes": "On 15 October 2025, an IED planted by Al Shabaab exploded at a teashop near the regional prison at the Bundaweyne area in Belet Weyne town (Belet Weyne, Hiraan). 3 civilian bystanders were killed and 5 others were injured." }, "geometry": { "type": "Point", "coordinates": [ 45.2043, 4.736 ] } },
{ "type": "Feature", "properties": { "event_type": "Violence against civilians", "event_date": "2025-10-18T00:00:00", "year": 2025, "location": "Belet Weyne", "fatalities": 0, "notes": "On 18 October 2025, government soldier (SNA) opened fire with an AK-47 rifle inside the Darawish Market in Belet Weyne town (Belet Weyne, Hiraan). 3 civilians including an elderly man were injured in the incident. The motive behind the shoo" }, "geometry": { "type": "Point", "coordinates": [ 45.2043, 4.736 ] } },
{ "type": "Feature", "properties": { "event_type": "Strategic developments", "event_date": "2025-10-20T00:00:00", "year": 2025, "location": "Belet Weyne", "fatalities": 0, "notes": "Defusal: On 20 October 2025, police forces defused and detonated an IED planted by an unknown armed group (likely Al Shabaab due to similar attacks by the group) near the civilian gate of the airport checkpoint 41 in Belet Weyne town (Belet" }, "geometry": { "type": "Point", "coordinates": [ 45.2043, 4.736 ] } },
{ "type": "Feature", "properties": { "event_type": "Strategic developments", "event_date": "2023-08-12T00:00:00", "year": 2023, "location": "Gumburlaawe", "fatalities": 0, "notes": "Looting: On 12 August 2023, Al Shabaab carjacked six trucks in Gumburlaawe village (Belet Weyne, Hiraan). The trucks owned by a group of businessmen were being used in the reconstruction of Gambarlawe bridge which was damaged by the flood. " }, "geometry": { "type": "Point", "coordinates": [ 45.2036, 4.7066 ] } },
{ "type": "Feature", "properties": { "event_type": "Strategic developments", "event_date": "2021-07-27T00:00:00", "year": 2021, "location": "Gumburlaawe", "fatalities": 1, "notes": "Detonation: On 27 July 2021, an IED by Al Shabaab militants detonated when they were planning to plant it near Gumburlaawe village (Belet Weyne, Hiraan). One militant was killed and another one injured." }, "geometry": { "type": "Point", "coordinates": [ 45.2036, 4.7066 ] } },
{ "type": "Feature", "properties": { "event_type": "Battles", "event_date": "2020-05-11T00:00:00", "year": 2020, "location": "Gumburlaawe", "fatalities": 0, "notes": "On 11 May 2020, Al Shabaab militants carried out a hit and run attack against government forces in the Makiin area near Gumburlaawe village (Belet Weyne, Hiraan). Government troops were providing protection services to the local authority e" }, "geometry": { "type": "Point", "coordinates": [ 45.2036, 4.7066 ] } },
{ "type": "Feature", "properties": { "event_type": "Violence against civilians", "event_date": "2022-02-28T00:00:00", "year": 2022, "location": "Gumburlaawe", "fatalities": 1, "notes": "On 28 February 2022, suspected Al Shabaab militants shot and killed a woman from the Makanne clan who was an electoral delegate in Gumburlaawe village (Belet Weyne, Hiraan). She was a member of the selected Makanne seat HOP# 074/109 on 27 F" }, "geometry": { "type": "Point", "coordinates": [ 45.2036, 4.7066 ] } },
{ "type": "Feature", "properties": { "event_type": "Explosions/Remote violence", "event_date": "2021-12-12T00:00:00", "year": 2021, "location": "Gumburlaawe", "fatalities": 0, "notes": "On 12 December 2021, an IED by an unidentified group detonated, targeting security forces in Gumburlaawe village (Belet Weyne, Hiraan). There were no casualties." }, "geometry": { "type": "Point", "coordinates": [ 45.2036, 4.7066 ] } },
{ "type": "Feature", "properties": { "event_type": "Battles", "event_date": "2023-07-21T00:00:00", "year": 2023, "location": "Belet Weyne", "fatalities": 1, "notes": "On 21 July 2023, two groups of Hawadle clan militia clashed over an illegal checkpoint in Belet Weyne town (Belet Weyne, Hiraan). This is after clan militias blocked and disputed commercial truck from entering the town. One clan militia was" }, "geometry": { "type": "Point", "coordinates": [ 45.2043, 4.736 ] } },
{ "type": "Feature", "properties": { "event_type": "Battles", "event_date": "2023-12-27T00:00:00", "year": 2023, "location": "Belet Weyne", "fatalities": 0, "notes": "On 27 December 2023, Hawadle Ali Madaxweyne sub-clan militia clashed with Makane clan militia over land dispute in Shirkaneeco area in the vicinity of Belet Weyne town (Belet Weyne, Hiraan). There were no casualties." }, "geometry": { "type": "Point", "coordinates": [ 45.2043, 4.736 ] } },
{ "type": "Feature", "properties": { "event_type": "Battles", "event_date": "2024-01-02T00:00:00", "year": 2024, "location": "Belet Weyne", "fatalities": 0, "notes": "On 2 January 2024, Al Shabaab threw a hand grenade to an assembly point of militants from Makane clan militia in Isbartibo area in the Bundaweyne neighborhood, Belet Weyne town (Belet Weyne, Hiraan). The clan militia reacted with gunfire. T" }, "geometry": { "type": "Point", "coordinates": [ 45.2043, 4.736 ] } },
{ "type": "Feature", "properties": { "event_type": "Explosions/Remote violence", "event_date": "2024-01-02T00:00:00", "year": 2024, "location": "Belet Weyne", "fatalities": 0, "notes": "On 2 January 2024, a remote controlled IED planted by Al Shabaab detonated, targeting Hirshabelle police revenue customs station at the livestock market area, in Heegan neighborhood, Belet Weyne town (Belet Weyne, Hiraan). There were no fat" }, "geometry": { "type": "Point", "coordinates": [ 45.2043, 4.736 ] } },
{ "type": "Feature", "properties": { "event_type": "Explosions/Remote violence", "event_date": "2024-01-06T00:00:00", "year": 2024, "location": "Belet Weyne", "fatalities": 0, "notes": "On 6 January 2024, an IED planted by Al Shabaab detonated, targeting government soldier (SNA) at a checkpoint in Bundaweyne neighborhood in Belet Weyne town (Belet Weyne, Hiraan). The militants also planted another IED to create fear in the" }, "geometry": { "type": "Point", "coordinates": [ 45.2043, 4.736 ] } },
{ "type": "Feature", "properties": { "event_type": "Battles", "event_date": "2024-01-06T00:00:00", "year": 2024, "location": "Belet Weyne", "fatalities": 0, "notes": "On 6 January 2024, Hawadle clan militia clashed with government security forces (SNA) at a checkpoint in Garashka Barandhada neighborhood in Belet Weyne town (Belet Weyne, Hiraan) after the clan militia assaulted a Hirshabelle local authori" }, "geometry": { "type": "Point", "coordinates": [ 45.2043, 4.736 ] } },
{ "type": "Feature", "properties": { "event_type": "Battles", "event_date": "2024-01-11T00:00:00", "year": 2024, "location": "Belet Weyne", "fatalities": 1, "notes": "On 11 January 2024, government security forces (NISA) clashed with suspected Al Shabaab in Hawlwadaag neighborhood in Belet Weyne town (Belet Weyne, Hiraan). One soldier was killed. One NISA commander and a woman bystander were injured." }, "geometry": { "type": "Point", "coordinates": [ 45.2043, 4.736 ] } },
{ "type": "Feature", "properties": { "event_type": "Battles", "event_date": "2024-01-21T00:00:00", "year": 2024, "location": "Belet Weyne", "fatalities": 1, "notes": "On 21 January 2024, two groups of Jejele clan militia clashed in Belet Weyne town (Belet Weyne, Hiraan), over a dispute to control mineral and stone activities in the area. One clan elder was killed." }, "geometry": { "type": "Point", "coordinates": [ 45.2043, 4.736 ] } },
{ "type": "Feature", "properties": { "event_type": "Battles", "event_date": "2024-01-26T00:00:00", "year": 2024, "location": "Belet Weyne", "fatalities": 2, "notes": "On 26 January 2024, government security forces (SNA) attacked Al Shabaab positions in Belet Weyne town (Belet Weyne, Hiiraan). Both sides exchanged gunfire. Two people were killed including a civilian bystander and one militant." }, "geometry": { "type": "Point", "coordinates": [ 45.2043, 4.736 ] } },
{ "type": "Feature", "properties": { "event_type": "Explosions/Remote violence", "event_date": "2024-01-26T00:00:00", "year": 2024, "location": "Belet Weyne", "fatalities": 0, "notes": "On 26 January 2024, an IED planted by Al Shabaab detonated, targeting government security forces (SNA) at a checkpoint in Belet Weyne town (Belet Weyne, Hiraan). There were no fatalities. Two government soldiers were injured. Al Shabaab cla" }, "geometry": { "type": "Point", "coordinates": [ 45.2043, 4.736 ] } },
{ "type": "Feature", "properties": { "event_type": "Violence against civilians", "event_date": "2023-11-30T00:00:00", "year": 2023, "location": "Belet Weyne", "fatalities": 2, "notes": "On 30 November 2023, Al Shabaab shot and killed two civilians on a motorbike in Garsaani village near Belet Weyne town (Belet Weyne, Hiraan)." }, "geometry": { "type": "Point", "coordinates": [ 45.2043, 4.736 ] } },
{ "type": "Feature", "properties": { "event_type": "Violence against civilians", "event_date": "2024-02-10T00:00:00", "year": 2024, "location": "Belet Weyne", "fatalities": 0, "notes": "On 10 February 2024, Hawadle clan militia shot and injured a khat dealer at the gate of the Beletweyne commercial airport in Belet Weyne town (Belet Weyne, Hiraan)." }, "geometry": { "type": "Point", "coordinates": [ 45.2043, 4.736 ] } },
{ "type": "Feature", "properties": { "event_type": "Violence against civilians", "event_date": "2023-08-12T00:00:00", "year": 2023, "location": "Belet Weyne", "fatalities": 0, "notes": "On 12 August 2023, unspecified clan militia abducted a United nation (UNDSS) radio operator for ransom in Belet Weyne town (Belet Weyne, Hiiraan)." }, "geometry": { "type": "Point", "coordinates": [ 45.2043, 4.736 ] } },
{ "type": "Feature", "properties": { "event_type": "Explosions/Remote violence", "event_date": "2024-03-03T00:00:00", "year": 2024, "location": "Belet Weyne", "fatalities": 0, "notes": "On 3 March 2024, overnight, Al Shabaab threw a hand grenade against Hirshabelle police forces at a checkpoint near the Garashka Barandhada Norhawad neighborhood in Belet Weyne town (Belet Weyne, Hiraan). There were no casualties. Al Shabaab" }, "geometry": { "type": "Point", "coordinates": [ 45.2043, 4.736 ] } },
{ "type": "Feature", "properties": { "event_type": "Battles", "event_date": "2024-03-11T00:00:00", "year": 2024, "location": "Belet Weyne", "fatalities": 0, "notes": "On 11 March 2024, Al Shabaab launched an attack against government security forces (SNA) at a base in Tarajante village near Belet Weyne town (Belet Weyne, Hiraan). There were no casualties. Al Shabaab claimed responsibility." }, "geometry": { "type": "Point", "coordinates": [ 45.2043, 4.736 ] } },
{ "type": "Feature", "properties": { "event_type": "Strategic developments", "event_date": "2024-03-12T00:00:00", "year": 2024, "location": "Belet Weyne", "fatalities": 0, "notes": "Movement of forces: On 12 March 2024, ATMIS DNDF troops withdrew from the Lamagalay administration center in Belet Weyne town (Belet Weyne, Hiraan). The withdrawal came amid tension between Hiiraan state militia and Hirshabelle." }, "geometry": { "type": "Point", "coordinates": [ 45.2043, 4.736 ] } },
{ "type": "Feature", "properties": { "event_type": "Battles", "event_date": "2024-03-14T00:00:00", "year": 2024, "location": "Belet Weyne", "fatalities": 6, "notes": "On 14 March 2024, government security forces (SNA) and Hirshabelle police forces clashed with Hiiraan State militia at the front gate of the administration's side in Lamagalay administration center in Belet Weyne town (Belet Weyne, Hiiraan)" }, "geometry": { "type": "Point", "coordinates": [ 45.2043, 4.736 ] } },
{ "type": "Feature", "properties": { "event_type": "Violence against civilians", "event_date": "2024-03-17T00:00:00", "year": 2024, "location": "Belet Weyne", "fatalities": 0, "notes": "On 17 March 2024, Gaaljecel clan militia abducted five civilian men from the Hawadle clan at the Hawlwadag neighborhood in Belet Weyne town (Belet Weyne, Hiraan). The abduction is related to revenge for a business truck carjacked and taken " }, "geometry": { "type": "Point", "coordinates": [ 45.2043, 4.736 ] } },
{ "type": "Feature", "properties": { "event_type": "Strategic developments", "event_date": "2024-03-18T00:00:00", "year": 2024, "location": "Belet Weyne", "fatalities": 0, "notes": "Movement of forces: On 18 March 2024, Hawadle clan militia were seen regrouping in Nuur Xawaad neighborhood in Belet Weyne town (Belet Weyne, Hiraan) suspected to prepare for an attack on armed militia in Lamagalay administrative area. The " }, "geometry": { "type": "Point", "coordinates": [ 45.2043, 4.736 ] } },
{ "type": "Feature", "properties": { "event_type": "Battles", "event_date": "2024-04-08T00:00:00", "year": 2024, "location": "Belet Weyne", "fatalities": 1, "notes": "On 8 April 2024, unidentified gunmen clashed with Hawadle clan militia at the Buundaweyn neighborhood in Belet Weyne town (Belet Weyne, Hiraan). The gunmen attempted to loot civilians. One civilian bystander was killed. This is linked to th" }, "geometry": { "type": "Point", "coordinates": [ 45.2043, 4.736 ] } },
{ "type": "Feature", "properties": { "event_type": "Violence against civilians", "event_date": "2024-04-10T00:00:00", "year": 2024, "location": "Belet Weyne", "fatalities": 1, "notes": "On 10 April 2024, Hiiraan State Militia from Hawadle clan militia shot and killed a truck driver from Isaq clan in Belet Weyne town (Belet Weyne, Hiraan) over a tax collection dispute. The perpetrators were arrested." }, "geometry": { "type": "Point", "coordinates": [ 45.2043, 4.736 ] } },
{ "type": "Feature", "properties": { "event_type": "Violence against civilians", "event_date": "2024-04-27T00:00:00", "year": 2024, "location": "Belet Weyne", "fatalities": 0, "notes": "On 27 April 2024, unidentified clan militia shot and injured a rickshaw driver in the Darwish area of Kooshin neighbourhood in Belet Weyne town (Belet Weyne, Hiraan). The motive is unknown." }, "geometry": { "type": "Point", "coordinates": [ 45.2043, 4.736 ] } },
{ "type": "Feature", "properties": { "event_type": "Explosions/Remote violence", "event_date": "2024-04-29T00:00:00", "year": 2024, "location": "Belet Weyne", "fatalities": 2, "notes": "On 29 April 2024, overnight, Makane clan militia threw a hand grenade against civilians in a teashop in Shiirkaneeco neighborhood in Belet Weyne town (Belet Weyne, Hiraan). The motive is unknown. Two people from Makane were killed." }, "geometry": { "type": "Point", "coordinates": [ 45.2043, 4.736 ] } },
{ "type": "Feature", "properties": { "event_type": "Strategic developments", "event_date": "2023-09-23T00:00:00", "year": 2023, "location": "Belet Weyne", "fatalities": 0, "notes": "On 23 September 2023, government security forces (SNA) and Hawadle clan militia, in an operation, took control over Jaburow village near Belet Weyne town (Belet Weyne, Hiraan) and Ceelkabar village (coded separately) from Al Shabaab. No cla" }, "geometry": { "type": "Point", "coordinates": [ 45.2043, 4.736 ] } },
{ "type": "Feature", "properties": { "event_type": "Strategic developments", "event_date": "2024-07-22T00:00:00", "year": 2024, "location": "Belet Weyne", "fatalities": 0, "notes": "Property destruction: On 22 July 2024, government security forces (SNA) conducted a security operation that destroyed checkpoints belonging to Al Shabaab near Belet Weyne town (Belet Weyne, Hiraan). The operation was led by the minister of " }, "geometry": { "type": "Point", "coordinates": [ 45.2043, 4.736 ] } },
{ "type": "Feature", "properties": { "event_type": "Battles", "event_date": "2024-12-02T00:00:00", "year": 2024, "location": "Belet Weyne", "fatalities": 0, "notes": "On 2 December 2024, overnight, Al Shabaab conducted an attack against government security forces (SNA) and engaged them in an armed clash at the Orhasan base in Belet Weyne town (Belet Weyne, Hiraan). Two soldiers were injured and Al Shabaa" }, "geometry": { "type": "Point", "coordinates": [ 45.2043, 4.736 ] } },
{ "type": "Feature", "properties": { "event_type": "Explosions/Remote violence", "event_date": "2024-09-15T00:00:00", "year": 2024, "location": "Belet Weyne", "fatalities": 0, "notes": "On 15 September 2024, a remote-controlled IED planted by Al Shabaab detonated, targeting government security forces (SNA) at a checkpoint near a teashop in Torabora market in the Hawlwadag area in Belet Weyne town (Belet Weyne, Hiraan). Cas" }, "geometry": { "type": "Point", "coordinates": [ 45.2043, 4.736 ] } },
{ "type": "Feature", "properties": { "event_type": "Battles", "event_date": "2024-05-22T00:00:00", "year": 2024, "location": "Belet Weyne", "fatalities": 1, "notes": "On 22 May 2024, two groups of government security forces (NISA and SNA) clashed at a checkpoint in Belet Weyne town (Belet Weyne, Hiraan). The motive behind the clash was due to unknown verbal argument that escalated into a fight after NISA" }, "geometry": { "type": "Point", "coordinates": [ 45.2043, 4.736 ] } },
{ "type": "Feature", "properties": { "event_type": "Violence against civilians", "event_date": "2024-05-30T00:00:00", "year": 2024, "location": "Belet Weyne", "fatalities": 1, "notes": "On 30 May 2024, a government solider (NISA) shot and killed a civilian and seriously injured another one, at the Buundweyne Bridge in Belet Weyne town (Belet Weyne, Hiraan). The motive is unknow. The perpetrator escaped." }, "geometry": { "type": "Point", "coordinates": [ 45.2043, 4.736 ] } },
{ "type": "Feature", "properties": { "event_type": "Violence against civilians", "event_date": "2024-06-17T00:00:00", "year": 2024, "location": "Belet Weyne", "fatalities": 0, "notes": "On 17 June 2024, an unidentified armed group attacked a distribution center at the Shabelle IDP camp near the football stadium in Belet Weyne town (Belet Weyne, Hiiraan) on the second day of Eid Al-Adha. One civilian was injured. The motive" }, "geometry": { "type": "Point", "coordinates": [ 45.2043, 4.736 ] } },
{ "type": "Feature", "properties": { "event_type": "Battles", "event_date": "2024-06-25T00:00:00", "year": 2024, "location": "Belet Weyne", "fatalities": 0, "notes": "On 25 June 2024, two groups of Hawadle clan militia clashed in Kooshin village in Belet Weyne town (Belet Weyne, Hiraan). Both sides exchanged gunfire. The motive for the armed clash is unclear. Unspecified number of people were injured." }, "geometry": { "type": "Point", "coordinates": [ 45.2043, 4.736 ] } },
{ "type": "Feature", "properties": { "event_type": "Explosions/Remote violence", "event_date": "2024-06-30T00:00:00", "year": 2024, "location": "Belet Weyne", "fatalities": 9, "notes": "On 30 June 2024, a suicide vehicle-borne IED (SVBIED) by Al Shabaab detonated, targeting government security forces (SNA) and Hawadle clan militia at a checkpoint at the former airstrip area in Hawlwadaag neighborhood in Belet Weyne town (B" }, "geometry": { "type": "Point", "coordinates": [ 45.2043, 4.736 ] } },
{ "type": "Feature", "properties": { "event_type": "Strategic developments", "event_date": "2024-06-30T00:00:00", "year": 2024, "location": "Belet Weyne", "fatalities": 0, "notes": "Movement of forces: On 30 June 2024, ATMIS DNDF troops handed over the Orahsan Forward Operation Base (FOB) in Hirshabelle state to the government security forces (SNA) in Belet Weyne town (Belet Weyne, Hiraan). The event marks the start of" }, "geometry": { "type": "Point", "coordinates": [ 45.2043, 4.736 ] } },
{ "type": "Feature", "properties": { "event_type": "Battles", "event_date": "2024-07-10T00:00:00", "year": 2024, "location": "Belet Weyne", "fatalities": 10, "notes": "On 10 July 2024, government security forces (SNA) and Hawadle clan militia attacked Al Shabaab in Ceel Cadde village near Belet Weyne town (Belet Weyne, Hiraan). More than ten militants were killed." }, "geometry": { "type": "Point", "coordinates": [ 45.2043, 4.736 ] } },
{ "type": "Feature", "properties": { "event_type": "Explosions/Remote violence", "event_date": "2024-07-17T00:00:00", "year": 2024, "location": "Belet Weyne", "fatalities": 3, "notes": "On 17 July 2024, an IED planted by suspected Al Shabaab detonated, targeting in a teashop near government security (SNA) checkpoint in the Shahmacaan area at the Hawatako neighborhood in Belet Weyne town (Belet Weyne, Hiraan). Two soldiers " }, "geometry": { "type": "Point", "coordinates": [ 45.2043, 4.736 ] } },
{ "type": "Feature", "properties": { "event_type": "Violence against civilians", "event_date": "2024-07-21T00:00:00", "year": 2024, "location": "Belet Weyne", "fatalities": 1, "notes": "On 21 July 2024, unidentified clan militia (likely Hawadle Clan Militia, who carry out joint operation with SNA and run checkpoints in Hiraan region) shot and killed a truck driver near Madaxmarodi village near Belet Weyne town (Belet Weyne" }, "geometry": { "type": "Point", "coordinates": [ 45.2043, 4.736 ] } },
{ "type": "Feature", "properties": { "event_type": "Battles", "event_date": "2024-12-14T00:00:00", "year": 2024, "location": "Belet Weyne", "fatalities": 1, "notes": "On 14 December 2024, government security forces (SNA) and Hawadle clan militia attacked Al Shabaab hideout in Wargarasley village near Belet Weyne town (Belet Weyne, Hiraan) and Ceelbaar village (coded separately). An unknown number of mili" }, "geometry": { "type": "Point", "coordinates": [ 45.2043, 4.736 ] } },
{ "type": "Feature", "properties": { "event_type": "Explosions/Remote violence", "event_date": "2024-07-24T00:00:00", "year": 2024, "location": "Belet Weyne", "fatalities": 0, "notes": "On 24 July 2024, Al Shabaab threw a hand grenade against government security forces (SNA) at the Indhafiq checkpoint in the Bacadaha area in Hawlwadag neighborhood in Belet Weyne town (Belet Weyne, Hiraan). There were no casualties. Al Shab" }, "geometry": { "type": "Point", "coordinates": [ 45.2043, 4.736 ] } },
{ "type": "Feature", "properties": { "event_type": "Strategic developments", "event_date": "2024-07-26T00:00:00", "year": 2024, "location": "Belet Weyne", "fatalities": 0, "notes": "Defusal: On 26 July 2024, police forces defused a remote-controlled IED planted by an unknown group (likely Al Shabaab, who carry out similar attacks and explosions in Hiraan region) at the Kanecale bridge along the main supply route betwee" }, "geometry": { "type": "Point", "coordinates": [ 45.2043, 4.736 ] } },
{ "type": "Feature", "properties": { "event_type": "Strategic developments", "event_date": "2024-07-27T00:00:00", "year": 2024, "location": "Belet Weyne", "fatalities": 0, "notes": "Defusal: On 27 July 2024, government security forces (SNA) and ATMIS DNDF defused a remote-controlled IED planted by an unknown group (likely Al Shabaab, who carry out similar attacks and explosions in Hiraan region) under a table in a teas" }, "geometry": { "type": "Point", "coordinates": [ 45.2043, 4.736 ] } },
{ "type": "Feature", "properties": { "event_type": "Battles", "event_date": "2024-08-11T00:00:00", "year": 2024, "location": "Belet Weyne", "fatalities": 0, "notes": "On 11 August 2024, Hawadle clan militia and unidentified clan militia engaged in an armed clash in an illegal checkpoint in Sabad Caano village near Belet Weyne town (Belet Weyne, Hiiraan). The Hawadle militia were escorting commercial truc" }, "geometry": { "type": "Point", "coordinates": [ 45.2043, 4.736 ] } },
{ "type": "Feature", "properties": { "event_type": "Violence against civilians", "event_date": "2024-08-11T00:00:00", "year": 2024, "location": "Belet Weyne", "fatalities": 0, "notes": "On 11 August 2024, two unidentified armed groups raped two young girls in Belet Weyne town (Belet Weyne, Hiraan). The young girls were busy collecting firewood from nearby bushes." }, "geometry": { "type": "Point", "coordinates": [ 45.2043, 4.736 ] } },
{ "type": "Feature", "properties": { "event_type": "Violence against civilians", "event_date": "2024-08-12T00:00:00", "year": 2024, "location": "Belet Weyne", "fatalities": 1, "notes": "On 12 August 2024, three armed men (likely unidentified clan militia, due to motivation for the attack) shot and killed shop owner from the Rahanweyn clan in Hawlwadag in Belet Weyne town (Belet Weyne, Hiraan). The motive was due to clan re" }, "geometry": { "type": "Point", "coordinates": [ 45.2043, 4.736 ] } },
{ "type": "Feature", "properties": { "event_type": "Explosions/Remote violence", "event_date": "2024-08-15T00:00:00", "year": 2024, "location": "Belet Weyne", "fatalities": 0, "notes": "On 15 August 2024,a remote-controlled IED planted by suspected Al Shabaab detonated between two buildings outside the police station main gate in Hakatako in Belet Weyne town (Belet Weyne, Hiraan). The incident caused minor damage to the pr" }, "geometry": { "type": "Point", "coordinates": [ 45.2043, 4.736 ] } },
{ "type": "Feature", "properties": { "event_type": "Violence against civilians", "event_date": "2024-08-20T00:00:00", "year": 2024, "location": "Belet Weyne", "fatalities": 0, "notes": "On 20 August 2024, Makanne clan militia shot and injured a civilian from the same clan in Bulo-Qorah area in Koshin in Belet Weyne town (Belet Weyne, Hiraan).The motive behind the shooting is unknown." }, "geometry": { "type": "Point", "coordinates": [ 45.2043, 4.736 ] } },
{ "type": "Feature", "properties": { "event_type": "Battles", "event_date": "2024-09-01T00:00:00", "year": 2024, "location": "Belet Weyne", "fatalities": 1, "notes": "On 1 September 2024, a government soldier (SNA) shot and killed a government soldier (NISA) at the western entrance checkpoint in the Hawlwadag area in Belet Weyne town (Belet Weyne, Hiraan). The motive behind the killing is unknown." }, "geometry": { "type": "Point", "coordinates": [ 45.2043, 4.736 ] } },
{ "type": "Feature", "properties": { "event_type": "Strategic developments", "event_date": "2024-09-03T00:00:00", "year": 2024, "location": "Belet Weyne", "fatalities": 2, "notes": "Detonation: On 3 September 2024, an IED detonated while Al Shabaab was assembling the device in a property in the Bacadaha neighborhood in Belet Weyne town (Belet Weyne, Hiraan). Two militants were killed and another was injured." }, "geometry": { "type": "Point", "coordinates": [ 45.2043, 4.736 ] } },
{ "type": "Feature", "properties": { "event_type": "Explosions/Remote violence", "event_date": "2024-09-12T00:00:00", "year": 2024, "location": "Belet Weyne", "fatalities": 0, "notes": "On 12 September 2024, overnight, suspected Al Shabaab fired mortar in the Hilac area of Hawlwadag neighborhood in Belet Weyne town (Belet Weyne, Hiiraan). The mortars landed in residential area. Two civilians were injured." }, "geometry": { "type": "Point", "coordinates": [ 45.2043, 4.736 ] } },
{ "type": "Feature", "properties": { "event_type": "Explosions/Remote violence", "event_date": "2024-10-16T00:00:00", "year": 2024, "location": "Belet Weyne", "fatalities": 0, "notes": "On 16 October 2024, overnight, Al Shabaab threw a hand grenade at government security forces (SNA) at a checkpoint in Buundaweyn neighborhood in Belet Weyene town (Belet Weyne, Hiraan). One soldier and one male civilian were injured. Al Sha" }, "geometry": { "type": "Point", "coordinates": [ 45.2043, 4.736 ] } },
{ "type": "Feature", "properties": { "event_type": "Protests", "event_date": "2024-09-21T00:00:00", "year": 2024, "location": "Belet Weyne", "fatalities": 0, "notes": "On 21 September 2024, truck owners supporting the Hiiraan State blocked the main road, using unspecified means in the vicinity of Ilka Cade village near Belet Weyne town (Belet Weyne, Hiraan) in a protest against the increase in illegal che" }, "geometry": { "type": "Point", "coordinates": [ 45.2043, 4.736 ] } },
{ "type": "Feature", "properties": { "event_type": "Battles", "event_date": "2024-09-23T00:00:00", "year": 2024, "location": "Belet Weyne", "fatalities": 2, "notes": "On 23 September 2024, government soldiers (SNA) escorting businessmen clashed with Hawadle clan militia near Belet Weyne town (Belet Weyne, Hiraan) over illegal checkpoints in Ilka Cade area. Two Hawadle militias were killed and another was" }, "geometry": { "type": "Point", "coordinates": [ 45.2043, 4.736 ] } },
{ "type": "Feature", "properties": { "event_type": "Explosions/Remote violence", "event_date": "2022-09-11T00:00:00", "year": 2022, "location": "Belet Weyne", "fatalities": 0, "notes": "On 11 September 2022, suspected Al Shabaab threw two hand grenades at a Hirshabelle police revenue checkpoint at the Buundo Wayne neighborhood in Belet Weyne town (Belet Weyne, Hiraan). There were no fatalities. One civilian bystander was i" }, "geometry": { "type": "Point", "coordinates": [ 45.2043, 4.736 ] } },
{ "type": "Feature", "properties": { "event_type": "Battles", "event_date": "2022-10-16T00:00:00", "year": 2022, "location": "Belet Weyne", "fatalities": 0, "notes": "On 16 October 2022, Al Shabaab attacked government security forces (SNA) at a checkpoint at the Bundaweyne neighborhood in Belet Weyne town (Belet Weyne, Hiraan). There were no casualties. Al Shabaab claimed responsibility." }, "geometry": { "type": "Point", "coordinates": [ 45.2043, 4.736 ] } },
{ "type": "Feature", "properties": { "event_type": "Riots", "event_date": "2022-02-18T00:00:00", "year": 2022, "location": "Belet Weyne", "fatalities": 0, "notes": "On 18 February 2022, unspecified clan started firing in the air to disperse people gathered at the police station, injuring two civilian bystanders in Belet Weyne (Belet Weyne, Hiraan). The clan militia are relatives of the police commander" }, "geometry": { "type": "Point", "coordinates": [ 45.2043, 4.736 ] } },
{ "type": "Feature", "properties": { "event_type": "Explosions/Remote violence", "event_date": "2022-11-10T00:00:00", "year": 2022, "location": "Belet Weyne", "fatalities": 0, "notes": "On 10 November 2022, suspected Al Shabaab threw a hand grenade against the residential home of a clan elder who participated in the handover of Camels to the joint military forces at the Bundaweyne neighborhood in Belet Weyne town (Belet We" }, "geometry": { "type": "Point", "coordinates": [ 45.2043, 4.736 ] } },
{ "type": "Feature", "properties": { "event_type": "Battles", "event_date": "2022-11-06T00:00:00", "year": 2022, "location": "Belet Weyne", "fatalities": 0, "notes": "On 6 November 2022, government security forces (SNA) and Macawiisley clan militia launched an attack against Al Shabaab hideouts in Helo-Bacad village near Belet Weyne town (Belet Weyne, Hiraan). The clash was initiated with heavy exchange " }, "geometry": { "type": "Point", "coordinates": [ 45.2043, 4.736 ] } },
{ "type": "Feature", "properties": { "event_type": "Violence against civilians", "event_date": "2022-11-01T00:00:00", "year": 2022, "location": "Belet Weyne", "fatalities": 0, "notes": "On 1 November 2022, Al Shabaab abducted two farmers from Helo Bacad village near Belet Weyne town (Belet Weyne, Hiraan). The reason behind the abduction was said to be the imposition and collection of illegal taxation by AS on the locals in" }, "geometry": { "type": "Point", "coordinates": [ 45.2043, 4.736 ] } },
{ "type": "Feature", "properties": { "event_type": "Battles", "event_date": "2022-08-09T00:00:00", "year": 2022, "location": "Belet Weyne", "fatalities": 5, "notes": "On 9 August 2022, government security forces (SNA) and Macawiisley clan militia in an operation clashed with Al Shabaab militants at hideouts in Hees village 60 km east of Belet Weyne town (Belet Weyne, Hiraan). The clash was initiated with" }, "geometry": { "type": "Point", "coordinates": [ 45.2043, 4.736 ] } },
{ "type": "Feature", "properties": { "event_type": "Explosions/Remote violence", "event_date": "2022-09-09T00:00:00", "year": 2022, "location": "Belet Weyne", "fatalities": 0, "notes": "On 9 September 2022, an IED by Al Shabaab detonated, targeting government security forces (SNA) in the vicinity of Belet Weyne town (Belet Weyne, Hiraan). There were no fatalities. one soldier was injured." }, "geometry": { "type": "Point", "coordinates": [ 45.2043, 4.736 ] } },
{ "type": "Feature", "properties": { "event_type": "Explosions/Remote violence", "event_date": "2022-09-09T00:00:00", "year": 2022, "location": "Belet Weyne", "fatalities": 1, "notes": "On 9 September 2022, an IED by Al Shabaab detonated, targeting passenger vehicle at the Xujoob village 10km South of Belet Weyne town (Belet Weyne, Hiraan). One civilian was killed and five others were injured." }, "geometry": { "type": "Point", "coordinates": [ 45.2043, 4.736 ] } },
{ "type": "Feature", "properties": { "event_type": "Explosions/Remote violence", "event_date": "2022-09-05T00:00:00", "year": 2022, "location": "Belet Weyne", "fatalities": 1, "notes": "On 5 September 2022, an unexploded IED planted by Al Shabaab detonated, killing one and injuring two others in Warcosley village 40Kms east of Belet Weyne town (Belet Weyne, Hiraan). The victims were children coming from madarasa." }, "geometry": { "type": "Point", "coordinates": [ 45.2043, 4.736 ] } },
{ "type": "Feature", "properties": { "event_type": "Battles", "event_date": "2022-10-06T00:00:00", "year": 2022, "location": "Belet Weyne", "fatalities": 1, "notes": "On 6 October 2022, Hawadle Yaber Dige sub clan militia shot and killed suspected Al Shabaab from Rahanweyn clan, who was linked to being behind the planted IED and RCIED on the road to South of Belet Weyne, in the vicinity of Geed Labwnaad " }, "geometry": { "type": "Point", "coordinates": [ 45.2043, 4.736 ] } },
{ "type": "Feature", "properties": { "event_type": "Violence against civilians", "event_date": "2022-10-26T00:00:00", "year": 2022, "location": "Belet Weyne", "fatalities": 0, "notes": "On 26 October 2022, Al Shabaab abducted three farmers from Hawadle clan in the outskirts of Baarey village near Belet Weyne town (Belet Weyne, Hiraan). The motive of the abduction is due to the clan supporting the offensive operation agains" }, "geometry": { "type": "Point", "coordinates": [ 45.2043, 4.736 ] } },
{ "type": "Feature", "properties": { "event_type": "Strategic developments", "event_date": "2022-10-23T00:00:00", "year": 2022, "location": "Belet Weyne", "fatalities": 0, "notes": "Interception: On 23 October 2022, government security forces (SNA) in a checkpoint intercepted a vehicle full of explsioves from Al Shabaab in the vicinity of Belet Weyne town (Belet Weyne, Hiraan)." }, "geometry": { "type": "Point", "coordinates": [ 45.2043, 4.736 ] } },
{ "type": "Feature", "properties": { "event_type": "Battles", "event_date": "2022-10-22T00:00:00", "year": 2022, "location": "Belet Weyne", "fatalities": 0, "notes": "On 22 October 2022, Al Shabaab attacked government security forces (SNA) in a checkpoint at the Bundaweyne neighborhood in Belet Weyne town (Belet Weyne, Hiraan). There were no casualties. Al Shabaab claimed responsibility." }, "geometry": { "type": "Point", "coordinates": [ 45.2043, 4.736 ] } },
{ "type": "Feature", "properties": { "event_type": "Battles", "event_date": "2022-10-22T00:00:00", "year": 2022, "location": "Belet Weyne", "fatalities": 3, "notes": "On 22 October 2022, Al Shabaab militants clashed with government security forces (SNA) in the vicinity of Hilo Bacaad village near Belet Weyne town (Belet Weyne, Hiraan). The clash was initiated with heavy gunfire from both sides. Three peo" }, "geometry": { "type": "Point", "coordinates": [ 45.2043, 4.736 ] } },
{ "type": "Feature", "properties": { "event_type": "Explosions/Remote violence", "event_date": "2022-10-17T00:00:00", "year": 2022, "location": "Belet Weyne", "fatalities": 0, "notes": "On 17 October 2022, an IED planted by Al Shabaab detonated, targeting a government security forces (Danab/Bancroft) convoy in the vicinity of Butaley village near Belet Weyne town (Belet Weyne, Hiraan). There were no casualties. Al Shabaab " }, "geometry": { "type": "Point", "coordinates": [ 45.2043, 4.736 ] } },
{ "type": "Feature", "properties": { "event_type": "Explosions/Remote violence", "event_date": "2022-09-27T00:00:00", "year": 2022, "location": "Belet Weyne", "fatalities": 0, "notes": "On 27 September 2022, an IED by Al Shabaab detonated, targeting a government security forces (SNA) convoy passing in the vicinity of Belet Weyne town (Belet Weyne, Hiraan). There were no fatalities. One soldier was injured. Al Shabaab claim" }, "geometry": { "type": "Point", "coordinates": [ 45.2043, 4.736 ] } },
{ "type": "Feature", "properties": { "event_type": "Battles", "event_date": "2022-10-12T00:00:00", "year": 2022, "location": "Belet Weyne", "fatalities": 3, "notes": "On 12 October 2022, Al Shabaab ambushed government security forces (SNA) convoy travelling in the vicinity of Belet Weyne town (Belet Weyne, Hiraan). Al Shabaab claimed killing three soldiers." }, "geometry": { "type": "Point", "coordinates": [ 45.2043, 4.736 ] } },
{ "type": "Feature", "properties": { "event_type": "Violence against civilians", "event_date": "2022-10-06T00:00:00", "year": 2022, "location": "Belet Weyne", "fatalities": 0, "notes": "On 6 October 2022, government security forces (SNA) in an operation shot and injured a civilian inside the main market in Belet Weyne town (Belet Weyne, Hiraan)." }, "geometry": { "type": "Point", "coordinates": [ 45.2043, 4.736 ] } },
{ "type": "Feature", "properties": { "event_type": "Battles", "event_date": "2022-10-30T00:00:00", "year": 2022, "location": "Belet Weyne", "fatalities": 1, "notes": "On 30 October 2022, an IED planted by Al Shabaab detonated, targeting a government security forces (SNA) and Hawadle sub clan militia (Macawiisley) convoy, followed by a clash initiated with RPGs and an exchange of heavy gunfire from both s" }, "geometry": { "type": "Point", "coordinates": [ 45.2043, 4.736 ] } },
{ "type": "Feature", "properties": { "event_type": "Explosions/Remote violence", "event_date": "2023-01-31T00:00:00", "year": 2023, "location": "Belet Weyne", "fatalities": 0, "notes": "On 31 January 2023, Al Shabaab threw a hand grenade against an ATMIS DNDF vehicle at the Hawlwadag neighborhood in Belet Weyne town (Belet Weyne, Hiraan). There were no fatalities. Two civilian bystanders were injured." }, "geometry": { "type": "Point", "coordinates": [ 45.2043, 4.736 ] } },
{ "type": "Feature", "properties": { "event_type": "Explosions/Remote violence", "event_date": "2022-12-28T00:00:00", "year": 2022, "location": "Belet Weyne", "fatalities": 0, "notes": "On 28 December 2022, an IED planted by Al Shabaab detonated, under the tree used to be a gathering place for the Hawadle clan elders in Belet Weyne town (Belet Weyne, Hiraan). There were no casualties." }, "geometry": { "type": "Point", "coordinates": [ 45.2043, 4.736 ] } },
{ "type": "Feature", "properties": { "event_type": "Battles", "event_date": "2022-12-26T00:00:00", "year": 2022, "location": "Belet Weyne", "fatalities": 0, "notes": "On 26 December 2022, overnight, Al Shabaab threw a hand grenade against Hirshabelle police forces at a checkpoint in Belet Weyne town (Belet Weyne, Hiiraan). The security forces reacted with gunfire after the explosion. There were no fatali" }, "geometry": { "type": "Point", "coordinates": [ 45.2043, 4.736 ] } },
{ "type": "Feature", "properties": { "event_type": "Violence against civilians", "event_date": "2022-12-22T00:00:00", "year": 2022, "location": "Belet Weyne", "fatalities": 0, "notes": "On 22 December 2022, Hirshabelle Police forcibly stormed the Hiiranweyn Media Center at Kooshin in Belet Weyne town (Belet Weyne, Hiraan). Four journalists were arrested and detained. The motive is suspected to be in relation to a news broa" }, "geometry": { "type": "Point", "coordinates": [ 45.2043, 4.736 ] } },
{ "type": "Feature", "properties": { "event_type": "Strategic developments", "event_date": "2022-12-21T00:00:00", "year": 2022, "location": "Belet Weyne", "fatalities": 0, "notes": "On 21 December 2022, Al Shabaab took control over Tarajante village near Belet Weyne town (Belet Weyne, Hiraan) from Hawadle clan militia. No clashes were reported." }, "geometry": { "type": "Point", "coordinates": [ 45.2043, 4.736 ] } },
{ "type": "Feature", "properties": { "event_type": "Battles", "event_date": "2022-12-18T00:00:00", "year": 2022, "location": "Belet Weyne", "fatalities": 4, "notes": "On 18 December 2022, Al Shabaab launched an attack against Cabdalla and Yaber Dige from Hawadle militia in Tarajante village near Belet Weyne town (Belet Weyne, Hiraan). The clashes was initiated with RPGs and followed by heavy gunfire from" }, "geometry": { "type": "Point", "coordinates": [ 45.2043, 4.736 ] } },
{ "type": "Feature", "properties": { "event_type": "Violence against civilians", "event_date": "2022-12-14T00:00:00", "year": 2022, "location": "Belet Weyne", "fatalities": 1, "notes": "On 14 December 2022, Hawadle-Ali Madaxweyne clan militia shot and killed a civilian from Hawadle Agoon sub clan at the main market in Belet Weyne town (Belet Weyne, Hiraan). The motive of the attack was due to clan revenge." }, "geometry": { "type": "Point", "coordinates": [ 45.2043, 4.736 ] } },
{ "type": "Feature", "properties": { "event_type": "Violence against civilians", "event_date": "2023-02-27T00:00:00", "year": 2023, "location": "Belet Weyne", "fatalities": 0, "notes": "On 27 February 2023, Gaaljecel clan militia abducted civilian businessmen from Habar GedirSaleban sub-clan in Torabora Market area at the Hawlwadag neighborhood in Belet Weyne town (Belet Weyne, Hiraan). The motive of the abduction is relat" }, "geometry": { "type": "Point", "coordinates": [ 45.2043, 4.736 ] } },
{ "type": "Feature", "properties": { "event_type": "Explosions/Remote violence", "event_date": "2023-03-29T00:00:00", "year": 2023, "location": "Belet Weyne", "fatalities": 0, "notes": "On 29 March 2023, Al Shabaab fired five mortar shells, the mortars landed in Buudaweyn and Hudile area Bacadaha neighborhood in Belet Weyne town (Belet Weyne, Hiiraan). The target is unknown. There were no casualties." }, "geometry": { "type": "Point", "coordinates": [ 45.2043, 4.736 ] } },
{ "type": "Feature", "properties": { "event_type": "Strategic developments", "event_date": "2023-03-22T00:00:00", "year": 2023, "location": "Belet Weyne", "fatalities": 0, "notes": "Defusal: On 22 March 2023, Hirshabelle police forces discovered an IED planted at a police checkpoint in Belet Weyne town (Belet Weyne, Hiraan). The forces destroyed the IED. There were no casualties. The IED was planted by a Macawisley cla" }, "geometry": { "type": "Point", "coordinates": [ 45.2043, 4.736 ] } },
{ "type": "Feature", "properties": { "event_type": "Strategic developments", "event_date": "2022-10-05T00:00:00", "year": 2022, "location": "Belet Weyne", "fatalities": 0, "notes": "Movement of forces: On 5 October 2022, government security forces (Gorgor) were deployed in Belet Weyne town (Belet Weyne, Hiraan) to liberate remote villages and join the offensive operations in the Hiraan region." }, "geometry": { "type": "Point", "coordinates": [ 45.2043, 4.736 ] } },
{ "type": "Feature", "properties": { "event_type": "Explosions/Remote violence", "event_date": "2022-10-03T00:00:00", "year": 2022, "location": "Belet Weyne", "fatalities": 0, "notes": "On 3 October 2022, Al Shabaab detonated an IED at a water source borehole and destroyed houses of civilians from Hawadle clan in Tira Shanta village near Belet Weyne town (Belet Weyne, Hiraan). Al Shabaab targeted clans supporting governmen" }, "geometry": { "type": "Point", "coordinates": [ 45.2043, 4.736 ] } },
{ "type": "Feature", "properties": { "event_type": "Explosions/Remote violence", "event_date": "2022-10-03T00:00:00", "year": 2022, "location": "Belet Weyne", "fatalities": 64, "notes": "On 3 October 2022, a suicide bomber from Al Shabaab detonated himself inside Lamagalay administration area targeting government security forces (SNA) and ATMIS DNDF in Belet Weyne town (Belet Weyne, Hiraan) followed by two vehicle-borne IED" }, "geometry": { "type": "Point", "coordinates": [ 45.2043, 4.736 ] } },
{ "type": "Feature", "properties": { "event_type": "Battles", "event_date": "2022-10-02T00:00:00", "year": 2022, "location": "Belet Weyne", "fatalities": 0, "notes": "On 2 October 2022, overnight, suspected Al Shabaab threw a hand grenade against Hirshabelle police stations at the Hawatako in Belet Weyne town (Belet Weyne, Hiraan). The police officers reacted with gunfire after the blast. There were no f" }, "geometry": { "type": "Point", "coordinates": [ 45.2043, 4.736 ] } },
{ "type": "Feature", "properties": { "event_type": "Battles", "event_date": "2022-09-29T00:00:00", "year": 2022, "location": "Belet Weyne", "fatalities": 2, "notes": "On 29 September 2022, two groups of Hawadle clan militia clashed over land in Darwish market in the Koshin neighborhood in Belet Weyne town (Belet Weyne, Hiiran). Two people were killed and three others were injured." }, "geometry": { "type": "Point", "coordinates": [ 45.2043, 4.736 ] } },
{ "type": "Feature", "properties": { "event_type": "Explosions/Remote violence", "event_date": "2022-09-28T00:00:00", "year": 2022, "location": "Belet Weyne", "fatalities": 0, "notes": "On 28 September 2022, an unexploded IED planted by Al Shabaab detonated, injuring three people in Samataro village, 40Kms Southwest of Belet Weyne town (Belet Weyne, Hiraan)." }, "geometry": { "type": "Point", "coordinates": [ 45.2043, 4.736 ] } },
{ "type": "Feature", "properties": { "event_type": "Explosions/Remote violence", "event_date": "2022-03-25T00:00:00", "year": 2022, "location": "Belet Weyne", "fatalities": 0, "notes": "On 25 March 2022, an IED by Al Shabaab militants detonated, targeting an Ethiopian security forces (non-AMISOM) convoy travelling between Ceel Gaal and Belet Weyne town (Belet Weyne, Hiraan). There were no casualties. Al Shabaab claimed res" }, "geometry": { "type": "Point", "coordinates": [ 45.2043, 4.736 ] } },
{ "type": "Feature", "properties": { "event_type": "Violence against civilians", "event_date": "2022-05-07T00:00:00", "year": 2022, "location": "Belet Weyne", "fatalities": 0, "notes": "On 7 May 2022, Jejele clan militia abducted two civilians from Marehan Reer Aw Hassan clan at the Hilaac area in Hawlwadaag neighborhood in Belet Weyne town (Belet Weyne, Hiraan). The motive behind the kidnapping is related to arrest of a m" }, "geometry": { "type": "Point", "coordinates": [ 45.2043, 4.736 ] } },
{ "type": "Feature", "properties": { "event_type": "Strategic developments", "event_date": "2022-09-22T00:00:00", "year": 2022, "location": "Belet Weyne", "fatalities": 0, "notes": "On 22 September 2022, government security forces (SNA) and Macawiisley clan militia in an operation took control over Wajab, Camarjibiye, Lalaba village near Belet Weyne town (Belet Weyne, Hiraan) from Al Shabaab. No clashes mentioned." }, "geometry": { "type": "Point", "coordinates": [ 45.2043, 4.736 ] } },
{ "type": "Feature", "properties": { "event_type": "Explosions/Remote violence", "event_date": "2022-09-13T00:00:00", "year": 2022, "location": "Belet Weyne", "fatalities": 0, "notes": "On 13 September 2022, Al Shabaab threw a hand grenade against government security forces (SNA) at a checkpoint in Belet Weyne town (Belet Weyne, Hiraan). There were no casualties. Al Shabaab claimed responsibility." }, "geometry": { "type": "Point", "coordinates": [ 45.2043, 4.736 ] } },
{ "type": "Feature", "properties": { "event_type": "Strategic developments", "event_date": "2023-01-03T00:00:00", "year": 2023, "location": "Belet Weyne", "fatalities": 0, "notes": "On 3 January 2023, government security forces (SNA) and Macawiisley clan militia took control over Buq-Matoor village near Belet Weyne town (Belet Weyne, Hiraan) from Al Shabaab. No clashes were reported." }, "geometry": { "type": "Point", "coordinates": [ 45.2043, 4.736 ] } },
{ "type": "Feature", "properties": { "event_type": "Strategic developments", "event_date": "2023-01-29T00:00:00", "year": 2023, "location": "Belet Weyne", "fatalities": 0, "notes": "On 29 January 2023, government security forces (SNA) arrested six clan elders who have signed an agreement with Al Shabaab in Belet Weyne town (Belet Weyne, Hiraan) (coded separately). The security accused the elders defied and ignoring ord" }, "geometry": { "type": "Point", "coordinates": [ 45.2043, 4.736 ] } },
{ "type": "Feature", "properties": { "event_type": "Explosions/Remote violence", "event_date": "2023-01-25T00:00:00", "year": 2023, "location": "Belet Weyne", "fatalities": 0, "notes": "On 25 January 2023, four remote controlled IED planted by Al Shabaab detonated in Nuur Hawad and Buundo Weyne neighborhoods in Belet Weyne town (Belet Weyne, Hiraan). The explosion took place in an open space within the town. Casualties unk" }, "geometry": { "type": "Point", "coordinates": [ 45.2043, 4.736 ] } },
{ "type": "Feature", "properties": { "event_type": "Violence against civilians", "event_date": "2023-01-24T00:00:00", "year": 2023, "location": "Belet Weyne", "fatalities": 0, "notes": "On 24 January 2023, Al Shabaab abducted five male farmers hailing from Hawadle sub-clan in Cabdi Cagweyn and Burdar villages near Belet Weyne town (Belet Weyne, Hiraan). The motive for the abduction is unclear." }, "geometry": { "type": "Point", "coordinates": [ 45.2043, 4.736 ] } },
{ "type": "Feature", "properties": { "event_type": "Explosions/Remote violence", "event_date": "2023-01-24T00:00:00", "year": 2023, "location": "Belet Weyne", "fatalities": 0, "notes": "On 24 January 2023, overnight, Al Shabaab fired several mortar shells against government security forces (SNA) at a defensive base at the Hawo Tako and Nuur Hawad areas in Belet Weyne town (Belet Weyne, Hiraan). There were no casualties. Al" }, "geometry": { "type": "Point", "coordinates": [ 45.2043, 4.736 ] } },
{ "type": "Feature", "properties": { "event_type": "Explosions/Remote violence", "event_date": "2023-01-21T00:00:00", "year": 2023, "location": "Belet Weyne", "fatalities": 0, "notes": "On 21 January 2023, Al Shabaab threw a hand grenade against Hirshabelle police forces in a checkpoint in Isbartiibo area at the Buunda Weyne neighborhoods in Belet Weyne town (Belet Weyne, Hiraan). There were no fatalities. One police offic" }, "geometry": { "type": "Point", "coordinates": [ 45.2043, 4.736 ] } },
{ "type": "Feature", "properties": { "event_type": "Battles", "event_date": "2023-01-17T00:00:00", "year": 2023, "location": "Belet Weyne", "fatalities": 2, "notes": "On 17 January 2023, Al Shabaab clashed with Hawadle clan militia (Macawiisley) in Dhagaxya weyn village near Belet Weyne town (Belet Weyne, Hiraan). Both sides exchanged heavy gunfire. Two militants were killed and three clan militiamen wer" }, "geometry": { "type": "Point", "coordinates": [ 45.2043, 4.736 ] } },
{ "type": "Feature", "properties": { "event_type": "Explosions/Remote violence", "event_date": "2023-01-14T00:00:00", "year": 2023, "location": "Belet Weyne", "fatalities": 0, "notes": "On 14 January 2023, overnight, Al Shabaab threw a hand grenade against Hirshabelle police forces in a checkpoint in Radar area at the Koshin neighborhoods in Belet Weyne town (Belet Weyne, Hiiraan). There were no casualties. Al Shabaab clai" }, "geometry": { "type": "Point", "coordinates": [ 45.2043, 4.736 ] } },
{ "type": "Feature", "properties": { "event_type": "Explosions/Remote violence", "event_date": "2023-02-01T00:00:00", "year": 2023, "location": "Belet Weyne", "fatalities": 2, "notes": "On 1 February 2023, Al Shabaab threw a hand grenade against Macawisley clan militia leader's house in Belet Weyne town (Belet Weyne, Hiraan). Two soldiers (presumed SNA) were killed." }, "geometry": { "type": "Point", "coordinates": [ 45.2043, 4.736 ] } },
{ "type": "Feature", "properties": { "event_type": "Explosions/Remote violence", "event_date": "2023-01-07T00:00:00", "year": 2023, "location": "Belet Weyne", "fatalities": 1, "notes": "On 7 January 2023, Al Shabaab threw two hand grenades against government security forces (SNA) in a checkpoint at the Nuur Hawad area Hawatako neighborhood in Belet Weyne town (Belet Weyne, Hiraan). One civilian bystander was killed and fiv" }, "geometry": { "type": "Point", "coordinates": [ 45.2043, 4.736 ] } },
{ "type": "Feature", "properties": { "event_type": "Violence against civilians", "event_date": "2023-03-16T00:00:00", "year": 2023, "location": "Belet Weyne", "fatalities": 1, "notes": "On 16 March 2023, unidentified gunmen shot and killed a civilian at the Cilmi loos neighborhood in Belet Weyne town (Belet Weyne, Hiiraan). The motive is unknown." }, "geometry": { "type": "Point", "coordinates": [ 45.2043, 4.736 ] } },
{ "type": "Feature", "properties": { "event_type": "Battles", "event_date": "2023-02-19T00:00:00", "year": 2023, "location": "Belet Weyne", "fatalities": 0, "notes": "On 19 February 2023, overnight, Al Shabaab threw a hand grenade against Hirshabelle police station main prison at the Bundaweyne neighborhood in Belet Weyne town (Belet Weyne, Hiiraan). The security forces reacted with gunfire after the exp" }, "geometry": { "type": "Point", "coordinates": [ 45.2043, 4.736 ] } },
{ "type": "Feature", "properties": { "event_type": "Explosions/Remote violence", "event_date": "2023-02-16T00:00:00", "year": 2023, "location": "Belet Weyne", "fatalities": 0, "notes": "On 16 February 2023, an IED planted by Al Shabaab detonated, targeting government security forces (SNA) at a base in Belet Weyne town (Belet Weyne, Hiraan). There were no casualties. Al Shabaab claimed responsibility." }, "geometry": { "type": "Point", "coordinates": [ 45.2043, 4.736 ] } },
{ "type": "Feature", "properties": { "event_type": "Violence against civilians", "event_date": "2023-02-16T00:00:00", "year": 2023, "location": "Belet Weyne", "fatalities": 1, "notes": "On 16 February 2023, overnight, Al Shabaab shot and killed a businessman from Hawadle clan at the Xaawo Taako neighborhood in Belet Weyne town (Belet Weyne, Hiraan). The motive for the attack is linked to revenge after Al Shabaab lost contr" }, "geometry": { "type": "Point", "coordinates": [ 45.2043, 4.736 ] } },
{ "type": "Feature", "properties": { "event_type": "Battles", "event_date": "2023-02-05T00:00:00", "year": 2023, "location": "Belet Weyne", "fatalities": 0, "notes": "On 5 February 2023, overnight, Al Shabaab threw a hand grenade against government security forces and Hawadle clan militia in a checkpoint at the Buundaweyne neighborhood in Belet Weyne town (Belet Weyne, Hiraan). The security forces reacte" }, "geometry": { "type": "Point", "coordinates": [ 45.2043, 4.736 ] } },
{ "type": "Feature", "properties": { "event_type": "Battles", "event_date": "2020-09-20T00:00:00", "year": 2020, "location": "Belet Weyne", "fatalities": 0, "notes": "On 20 September 2020, Al Shabaab militants carried out an attack against government security forces (SNA) in Belet Weyne town (Belet Weyne, Hiraan). There were no casualties. Al Shabaab claimed responsibility." }, "geometry": { "type": "Point", "coordinates": [ 45.2043, 4.736 ] } },
{ "type": "Feature", "properties": { "event_type": "Violence against civilians", "event_date": "2020-11-16T00:00:00", "year": 2020, "location": "Belet Weyne", "fatalities": 1, "notes": "On 16 November 2020, Al Shabaab militants shot and killed a deputy chairman as he was heading out of the mosque in Buundaweyne village in Belet Weyne town (Belet Weyne, Hiraan). Al Shabaab claimed responsibility." }, "geometry": { "type": "Point", "coordinates": [ 45.2043, 4.736 ] } },
{ "type": "Feature", "properties": { "event_type": "Battles", "event_date": "2020-11-16T00:00:00", "year": 2020, "location": "Belet Weyne", "fatalities": 0, "notes": "On 16 November 2020, Al Shabaab militants attacked a government security forces checkpoint in the vicinity of Belet Weyne town (Belet Weyne, Hiraan). No casualties. Al Shabaab claimed responsibility." }, "geometry": { "type": "Point", "coordinates": [ 45.2043, 4.736 ] } },
{ "type": "Feature", "properties": { "event_type": "Explosions/Remote violence", "event_date": "2020-11-02T00:00:00", "year": 2020, "location": "Belet Weyne", "fatalities": 0, "notes": "On 2 November 2020, suspected Al Shabaab militants threw a hand grenade at a small football field where youth played in Kooshin village in Belet Weyne town (Belet Weyne, Hiraan). The hand grenade landed in the playground but failed to deton" }, "geometry": { "type": "Point", "coordinates": [ 45.2043, 4.736 ] } },
{ "type": "Feature", "properties": { "event_type": "Protests", "event_date": "2020-10-31T00:00:00", "year": 2020, "location": "Belet Weyne", "fatalities": 0, "notes": "On 31 October 2020, over hundreds of local residents staged a protest against the remarks of the French president's against Islam in front of main hospital in Belet Weyne town (Belet Weyne, Hiraan). The protesters called the population to b" }, "geometry": { "type": "Point", "coordinates": [ 45.2043, 4.736 ] } },
{ "type": "Feature", "properties": { "event_type": "Battles", "event_date": "2023-02-21T00:00:00", "year": 2023, "location": "Belet Weyne", "fatalities": 1, "notes": "On 21 February 2023, ATMIS DNDF shot and killed another soldier in Belet Weyne town (Belet Weyne, Hiraan). The motive is unknown. Another soldier was injured." }, "geometry": { "type": "Point", "coordinates": [ 45.2043, 4.736 ] } },
{ "type": "Feature", "properties": { "event_type": "Explosions/Remote violence", "event_date": "2023-03-08T00:00:00", "year": 2023, "location": "Belet Weyne", "fatalities": 1, "notes": "On 8 March 2023, a remote controlled IED planted by Al Shabaab detonated, targeting Hawadle clan militia in a teashop in NorHawad area of Koshin neighborhood (Belet Weyne, Hiiraan). One civilian was killed and five others were injured. Al S" }, "geometry": { "type": "Point", "coordinates": [ 45.2043, 4.736 ] } },
{ "type": "Feature", "properties": { "event_type": "Battles", "event_date": "2023-03-02T00:00:00", "year": 2023, "location": "Belet Weyne", "fatalities": 0, "notes": "On 2 March 2023, overnight, Al Shabaab threw a hand grenade against the residential house of federal member of parliament in Belet Weyne town (Belet Weyne, Hiraan). Security forces (SNA) reacted with gunfire after the blast. There were no f" }, "geometry": { "type": "Point", "coordinates": [ 45.2043, 4.736 ] } },
{ "type": "Feature", "properties": { "event_type": "Strategic developments", "event_date": "2023-02-28T00:00:00", "year": 2023, "location": "Belet Weyne", "fatalities": 0, "notes": "Defusal: On 28 February 2023, government police forces discovered an IED at Livestock Bridge in Hawa Tako neighborhoods in Belet Weyne town (Belet Weyne, Hiraan). The forces destroyed the IED. There were no casualties. It is suspected that " }, "geometry": { "type": "Point", "coordinates": [ 45.2043, 4.736 ] } },
{ "type": "Feature", "properties": { "event_type": "Protests", "event_date": "2023-02-28T00:00:00", "year": 2023, "location": "Belet Weyne", "fatalities": 0, "notes": "On 28 February 2023, Hawadle-Yaber Dige sub clan militia blocked (through unspecified means) the main supply route and all other secondary roads that lead to the police station in Belet Weyne town (Belet Weyne, Hiraan). This is after a join" }, "geometry": { "type": "Point", "coordinates": [ 45.2043, 4.736 ] } },
{ "type": "Feature", "properties": { "event_type": "Violence against civilians", "event_date": "2023-02-28T00:00:00", "year": 2023, "location": "Belet Weyne", "fatalities": 1, "notes": "On 28 February 2023, government security forces (NISA) and Hirshabelle police in an operation shot and killed a civilian from Hawadle-Yaber Dige sub clan in Heloberdo area at the Koshin neighborhood in Belet Weyne town (Belet Weyne, Hiraan)" }, "geometry": { "type": "Point", "coordinates": [ 45.2043, 4.736 ] } },
{ "type": "Feature", "properties": { "event_type": "Battles", "event_date": "2022-11-25T00:00:00", "year": 2022, "location": "Belet Weyne", "fatalities": 0, "notes": "On 25 November 2022, Al Shabaab threw a hand grenade against government security forces (SNA) in a checkpoint at the Buunda Weyn neighborhood in Belet Wenye town (Belet Weyne, Hiraan). The security forces reacted with gunfire after the blas" }, "geometry": { "type": "Point", "coordinates": [ 45.2043, 4.736 ] } },
{ "type": "Feature", "properties": { "event_type": "Explosions/Remote violence", "event_date": "2023-02-27T00:00:00", "year": 2023, "location": "Belet Weyne", "fatalities": 0, "notes": "On 27 February 2023, two IED planted by suspected Al Shabaab, detonated while Hishabelle police was safely defusing a third IED nearby near the main gate of Mujama School at the Kooshin neighborhood in Belet Weyne town (Belet Weyne, Hiraan)" }, "geometry": { "type": "Point", "coordinates": [ 45.2043, 4.736 ] } },
{ "type": "Feature", "properties": { "event_type": "Explosions/Remote violence", "event_date": "2023-02-22T00:00:00", "year": 2023, "location": "Belet Weyne", "fatalities": 0, "notes": "On 22 February 2023, a remote controlled IED planted by suspected Al Shabaab detonated near the wall of a privately owned business building in the Yoobsan market area Hawatako neighborhood in Belet Weyne town (Belet Weyne, Hiraan). The expl" }, "geometry": { "type": "Point", "coordinates": [ 45.2043, 4.736 ] } },
{ "type": "Feature", "properties": { "event_type": "Violence against civilians", "event_date": "2023-02-22T00:00:00", "year": 2023, "location": "Belet Weyne", "fatalities": 1, "notes": "On 22 February 2023, overnight, Al Shabaab shot and killed a civilian Quran teacher in Nur Hawad neighborhood in Belet Weyne town (Belet Weyne, Hiraan). The motive is unknown." }, "geometry": { "type": "Point", "coordinates": [ 45.2043, 4.736 ] } },
{ "type": "Feature", "properties": { "event_type": "Battles", "event_date": "2023-06-22T00:00:00", "year": 2023, "location": "Belet Weyne", "fatalities": 1, "notes": "On 22 June 2023, ENDF (non-ATMIS ENDF) clashed with the Hawadle clan militia in Hudwaqle village near Belet Weyne town (Belet Weyne, Hiraan). The armed confrontation is linked to a dispute over cultivating farms near the Somalia and Ethiopi" }, "geometry": { "type": "Point", "coordinates": [ 45.2043, 4.736 ] } },
{ "type": "Feature", "properties": { "event_type": "Strategic developments", "event_date": "2023-06-13T00:00:00", "year": 2023, "location": "Belet Weyne", "fatalities": 0, "notes": "Movement of forces: On 13 June 2023, Al Shabaab movement was observed crossing the river by wooden boats near Dhoqor and Faaf-Gumare village near Belet Weyne town (Belet Weyne, Hiraan)." }, "geometry": { "type": "Point", "coordinates": [ 45.2043, 4.736 ] } },
{ "type": "Feature", "properties": { "event_type": "Explosions/Remote violence", "event_date": "2023-04-28T00:00:00", "year": 2023, "location": "Belet Weyne", "fatalities": 0, "notes": "On 28 April 2023, Al Shabaab fired mortar four shells at government security forces (SNA) and Macawisley clan militia bases in Ceel Ahmed village near Weyne town (Belet Weyne, Hiraan). The shells missed the targets. There were no casualties" }, "geometry": { "type": "Point", "coordinates": [ 45.2043, 4.736 ] } },
{ "type": "Feature", "properties": { "event_type": "Battles", "event_date": "2023-04-23T00:00:00", "year": 2023, "location": "Belet Weyne", "fatalities": 0, "notes": "On 23 April 2023, overnight, Al Shabaab threw a hand grenade against Hirshabelle police forces at the Bundaweyn in Belet Weyne town (Belet Weyne, Hiiraan). The police forces reacted with gunfire after the blast. There were no casualties. Al" }, "geometry": { "type": "Point", "coordinates": [ 45.2043, 4.736 ] } },
{ "type": "Feature", "properties": { "event_type": "Strategic developments", "event_date": "2023-04-20T00:00:00", "year": 2023, "location": "Belet Weyne", "fatalities": 0, "notes": "Defusal: On 20 April 2023, Hirshabelle police forces discovered an IED planted at a restaurant in Hawatako village near Belet Weyne town (Belet Weyne, Hiraan). The forces destroyed the IED. There were no casualties. It is suspected that the" }, "geometry": { "type": "Point", "coordinates": [ 45.2043, 4.736 ] } },
{ "type": "Feature", "properties": { "event_type": "Strategic developments", "event_date": "2023-04-18T00:00:00", "year": 2023, "location": "Belet Weyne", "fatalities": 0, "notes": "On 18 April 2023, government security forces (SNA) and Hawadle clan militia, in an operation, took control over Beladul Amiin village near Belet Weyne town (Belet Weyne, Hiraan), Baaray, Garasiyaani and Xarartiir village (coded separately) " }, "geometry": { "type": "Point", "coordinates": [ 45.2043, 4.736 ] } },
{ "type": "Feature", "properties": { "event_type": "Battles", "event_date": "2023-04-17T00:00:00", "year": 2023, "location": "Belet Weyne", "fatalities": 1, "notes": "On 17 April 2023, Al Shabaab shot and killed Hirshabelle police captain (assumed on duty) at the Bundaweyne neighborhood in Belet Weyne town (Belet Weyne, Hiiraan). Al Shabaab claimed responsibility." }, "geometry": { "type": "Point", "coordinates": [ 45.2043, 4.736 ] } },
{ "type": "Feature", "properties": { "event_type": "Battles", "event_date": "2023-04-08T00:00:00", "year": 2023, "location": "Belet Weyne", "fatalities": 0, "notes": "On 8 April 2023, government security forces (SNA) and Hawadle clan militia attacked Al Shabaab position in Baarey village near Belet Weyne town (Belet Weyne, Hiraan). There were no casualties." }, "geometry": { "type": "Point", "coordinates": [ 45.2043, 4.736 ] } },
{ "type": "Feature", "properties": { "event_type": "Battles", "event_date": "2023-04-02T00:00:00", "year": 2023, "location": "Belet Weyne", "fatalities": 1, "notes": "On 2 April 2023, two groups of Hawadle Cabdalla sub clan militia clashed in Nur Hawad area at the Hawo Tako neighborhood in Belet Weyne town (Belet Weyne, Hiraan). The motive is unknown. One police (assumed off duty) bystander was killed." }, "geometry": { "type": "Point", "coordinates": [ 45.2043, 4.736 ] } },
{ "type": "Feature", "properties": { "event_type": "Explosions/Remote violence", "event_date": "2023-03-31T00:00:00", "year": 2023, "location": "Belet Weyne", "fatalities": 0, "notes": "On 31 March 2023, three IEDs planted by suspected Al Shabaab, detonated in a residential house belonging to a clan elder from Hawadle Ali Madaxweyne sub clan in Nur Hawad area at the Koshin neighborhood in Belet Weyne town (Belet Weyne, Hii" }, "geometry": { "type": "Point", "coordinates": [ 45.2043, 4.736 ] } },
{ "type": "Feature", "properties": { "event_type": "Battles", "event_date": "2023-05-05T00:00:00", "year": 2023, "location": "Belet Weyne", "fatalities": 12, "notes": "On 5 May 2023, Al Shabaab clashed with an unidentified armed group on the outskirts of Belet Weyne town (Belet Weyne, Hiraan). 12 from the unidentified group were killed, and nine others were wounded." }, "geometry": { "type": "Point", "coordinates": [ 45.2043, 4.736 ] } },
{ "type": "Feature", "properties": { "event_type": "Explosions/Remote violence", "event_date": "2020-10-14T00:00:00", "year": 2020, "location": "Belet Weyne", "fatalities": 0, "notes": "On 14 October 2020, Al Shabaab militants threw a hand grenade at a Horseed checkpoint manned by Somali government police forces for revenue tax collection in Belet Weyne town (Belet Weyne, Hiraan). No fatalities and/or injuries reported." }, "geometry": { "type": "Point", "coordinates": [ 45.2043, 4.736 ] } },
{ "type": "Feature", "properties": { "event_type": "Violence against civilians", "event_date": "2023-06-07T00:00:00", "year": 2023, "location": "Belet Weyne", "fatalities": 0, "notes": "On 7 June 2023, Al Shabaab abducted five medical workers and six civilians on a road between Farlibaax village and Belet Weyne town (Belet Weyne, Hiraan). The motive for abduction is unclear." }, "geometry": { "type": "Point", "coordinates": [ 45.2043, 4.736 ] } },
{ "type": "Feature", "properties": { "event_type": "Battles", "event_date": "2023-05-26T00:00:00", "year": 2023, "location": "Belet Weyne", "fatalities": 1, "notes": "On 26 May 2023, two unidentified clan militia clashed over land dispute at the Buunda Weyne in Belet Weyne town (Belet Weyne, Hiraan). One person was killed and three others were injured." }, "geometry": { "type": "Point", "coordinates": [ 45.2043, 4.736 ] } },
{ "type": "Feature", "properties": { "event_type": "Battles", "event_date": "2023-05-26T00:00:00", "year": 2023, "location": "Belet Weyne", "fatalities": 0, "notes": "On 26 May 2023, Makane and Hawadle Cabdalle clan militias clashed over land dispute at the Buunda Weyne in Belet Weyne town (Belet Weyne, Hiraan). Casualties unknown." }, "geometry": { "type": "Point", "coordinates": [ 45.2043, 4.736 ] } },
{ "type": "Feature", "properties": { "event_type": "Explosions/Remote violence", "event_date": "2023-05-24T00:00:00", "year": 2023, "location": "Belet Weyne", "fatalities": 0, "notes": "On 24 May 2023, an IED planted by Al Shabaab detonated at the back of Golobal Hotel and Restaurant where Hirshabelle MP was meeting with clan leaders in Belet Weyne town (Belet Weyne, Hiraan). The security forces anticipated the attack. The" }, "geometry": { "type": "Point", "coordinates": [ 45.2043, 4.736 ] } },
{ "type": "Feature", "properties": { "event_type": "Violence against civilians", "event_date": "2023-05-22T00:00:00", "year": 2023, "location": "Belet Weyne", "fatalities": 1, "notes": "On 22 May 2023, Makane Clan Militia gunmen shot and killed a civilian from the same clan in Hilaac neighborhood in Belet Weyne town (Belet Weyne, Hiraan). The motive is unknown." }, "geometry": { "type": "Point", "coordinates": [ 45.2043, 4.736 ] } },
{ "type": "Feature", "properties": { "event_type": "Violence against civilians", "event_date": "2023-05-21T00:00:00", "year": 2023, "location": "Belet Weyne", "fatalities": 1, "notes": "On 21 May 2023, unidentified gunmen shot and killed a minibus driver from Rahanweyn clan in Hiran Bile village near Belet Weyne town (Belet Weyne, Hiraan). The motive is unknown." }, "geometry": { "type": "Point", "coordinates": [ 45.2043, 4.736 ] } },
{ "type": "Feature", "properties": { "event_type": "Strategic developments", "event_date": "2023-05-07T00:00:00", "year": 2023, "location": "Belet Weyne", "fatalities": 0, "notes": "Movement of forces: On 7 May 2023, Hawadle clan militias took control of the roads leading to airport and some other areas in Belet Weyne town (Belet Weyne, Hiraan). It was said that the clan militias are against Hirshabelle president's vis" }, "geometry": { "type": "Point", "coordinates": [ 45.2043, 4.736 ] } },
{ "type": "Feature", "properties": { "event_type": "Violence against civilians", "event_date": "2023-05-07T00:00:00", "year": 2023, "location": "Belet Weyne", "fatalities": 0, "notes": "On 7 May 2023, Gaaljecel clan militia abducted a civilian from Hawadle clan in Hawlwadaag village near Belet Weyne town (Belet Weyne, Hiraan). The motive was due to clan revenge." }, "geometry": { "type": "Point", "coordinates": [ 45.2043, 4.736 ] } },
{ "type": "Feature", "properties": { "event_type": "Strategic developments", "event_date": "2023-06-20T00:00:00", "year": 2023, "location": "Belet Weyne", "fatalities": 0, "notes": "Movement of forces: On 20 June 2023, about 120 Hawadle clan militia from Bulo Burto town arrived in Belet Weyne town (Belet Weyne, Hiraan). The militia supporting the sacked Hiraan governor." }, "geometry": { "type": "Point", "coordinates": [ 45.2043, 4.736 ] } },
{ "type": "Feature", "properties": { "event_type": "Riots", "event_date": "2023-06-20T00:00:00", "year": 2023, "location": "Belet Weyne", "fatalities": 0, "notes": "On 20 June 2023, dozens of demonstrators, mainly women and children, went out to the street along the cattle bridge to Darwish market in Belet Weyne town (Belet Weyne, Hiraan) in a demonstration against the Hirshabelle state. The demonstrat" }, "geometry": { "type": "Point", "coordinates": [ 45.2043, 4.736 ] } },
{ "type": "Feature", "properties": { "event_type": "Battles", "event_date": "2023-06-20T00:00:00", "year": 2023, "location": "Belet Weyne", "fatalities": 1, "notes": "On 20 June 2023, a government soldier (Gorgor) attacked Hawadle clan militia in Belet Weyne town (Belet Weyne, Hiraan). Both sides exchanged gunfire. The soldier was killed. The motive is unknown." }, "geometry": { "type": "Point", "coordinates": [ 45.2043, 4.736 ] } },
{ "type": "Feature", "properties": { "event_type": "Protests", "event_date": "2023-06-18T00:00:00", "year": 2023, "location": "Belet Weyne", "fatalities": 0, "notes": "On 18 June 2023, Hawadle clan militia and local residents protested over the firing of the Hiiraan governor and blocked the roads through armored vehicles and stone road blockers in Belet Weyne town (Belet Weyne, Hiraan). Demonstrations als" }, "geometry": { "type": "Point", "coordinates": [ 45.2043, 4.736 ] } },
{ "type": "Feature", "properties": { "event_type": "Strategic developments", "event_date": "2023-06-18T00:00:00", "year": 2023, "location": "Belet Weyne", "fatalities": 0, "notes": "Movement of forces: On 18 June 2023, Hawadle Yaber Dige and Hassan Musa vacated the checkpoints near the police station, Darwish market, and Buundweyne neighborhood in Belet Weyne town (Belet Weyne, Hiraan). The motive was due the renewed d" }, "geometry": { "type": "Point", "coordinates": [ 45.2043, 4.736 ] } },
{ "type": "Feature", "properties": { "event_type": "Strategic developments", "event_date": "2023-06-18T00:00:00", "year": 2023, "location": "Belet Weyne", "fatalities": 0, "notes": "Movement of forces: On 18 June 2023, Hirshabelle Police Forces, aligned with the vice president of Hirshabelle state, were seen moving in Belet Weyne town (Belet Weyne, Hiraan)." }, "geometry": { "type": "Point", "coordinates": [ 45.2043, 4.736 ] } },
{ "type": "Feature", "properties": { "event_type": "Protests", "event_date": "2023-06-15T00:00:00", "year": 2023, "location": "Belet Weyne", "fatalities": 0, "notes": "On 15 June 2023, Macawisley clan militia protested and blocked roads (through unspecified means) in and around in Belet Weyne town (Belet Weyne, Hiraan). The clan militias accused Hirshabele leaders of failing to provide their rights." }, "geometry": { "type": "Point", "coordinates": [ 45.2043, 4.736 ] } },
{ "type": "Feature", "properties": { "event_type": "Explosions/Remote violence", "event_date": "2023-01-07T00:00:00", "year": 2023, "location": "Belet Weyne", "fatalities": 0, "notes": "On 7 January 2023, Al Shabaab threw a hand grenade against the Belet Weyne police station in Belet Weyne town (Belet Weyne, Hiraan). There were no casualties. Al Shabaab claimed responsibility." }, "geometry": { "type": "Point", "coordinates": [ 45.2043, 4.736 ] } },
{ "type": "Feature", "properties": { "event_type": "Battles", "event_date": "2023-02-01T00:00:00", "year": 2023, "location": "Belet Weyne", "fatalities": 0, "notes": "On 1 February 2023, Al Shabaab threw a hand grenade against Hirshabelle police forces at a checkpoint near the police station in Belet Weyne town (Belet Weyne, Hiiraan). The police officers reacted with gunfire after the explosions. There w" }, "geometry": { "type": "Point", "coordinates": [ 45.2043, 4.736 ] } },
{ "type": "Feature", "properties": { "event_type": "Violence against civilians", "event_date": "2023-05-06T00:00:00", "year": 2023, "location": "Belet Weyne", "fatalities": 0, "notes": "On 6 May 2023, Gaaljecel clan militia abducted four civilians from Hawadle clan in Hawlwadaag village near Belet Weyne town (Belet Weyne, Hiraan). The motive was due to clan revenge." }, "geometry": { "type": "Point", "coordinates": [ 45.2043, 4.736 ] } },
{ "type": "Feature", "properties": { "event_type": "Protests", "event_date": "2023-07-16T00:00:00", "year": 2023, "location": "Belet Weyne", "fatalities": 0, "notes": "On 16 July 2023, about 250 Hirshabelle Police forces protested by blocking the streets (through unspecified means) over unpaid salaries for four months in Belet Weyne town (Belet Weyne, Hiraan). The police demanded immediate payments." }, "geometry": { "type": "Point", "coordinates": [ 45.2043, 4.736 ] } },
{ "type": "Feature", "properties": { "event_type": "Strategic developments", "event_date": "2023-07-03T00:00:00", "year": 2023, "location": "Belet Weyne", "fatalities": 0, "notes": "Non-violent activity: On 3 July 2023, Hawadle clan militia took custody of a Teaching College in Belet Weyne town (Belet Weyne, Hiraan) and prevented teachers and students from entering the campus. This College was reportedly administered a" }, "geometry": { "type": "Point", "coordinates": [ 45.2043, 4.736 ] } },
{ "type": "Feature", "properties": { "event_type": "Explosions/Remote violence", "event_date": "2023-06-25T00:00:00", "year": 2023, "location": "Belet Weyne", "fatalities": 0, "notes": "On 25 June 2023, overnight, Al Shabaab threw a hand grenade against government security forces (SNA) at the Horseed revenue checkpoint in Belet Weyne town (Belet Weyne, Hiraan). There were no casualties." }, "geometry": { "type": "Point", "coordinates": [ 45.2043, 4.736 ] } },
{ "type": "Feature", "properties": { "event_type": "Explosions/Remote violence", "event_date": "2023-03-29T00:00:00", "year": 2023, "location": "Belet Weyne", "fatalities": 1, "notes": "On 29 March 2023, two remote controlled IEDs planted by Al Shabaab detonated, targeting government security forces (SNA) near Belet Weyne town (Belet Weyne, Hiraan). The forces were reinforcement to Baardheere village. One soldier was kille" }, "geometry": { "type": "Point", "coordinates": [ 45.2043, 4.736 ] } },
{ "type": "Feature", "properties": { "event_type": "Strategic developments", "event_date": "2023-07-25T00:00:00", "year": 2023, "location": "Belet Weyne", "fatalities": 0, "notes": "Movement of forces: On 25 July 2023, several heavily armed Al Shabaab movements were observed in the outskirts of Kitaba Lays village near Belet Weyne town (Belet Weyne, Hiraan). The militants were seen on foot patrol in a neighboring rural" }, "geometry": { "type": "Point", "coordinates": [ 45.2043, 4.736 ] } },
{ "type": "Feature", "properties": { "event_type": "Explosions/Remote violence", "event_date": "2023-07-26T00:00:00", "year": 2023, "location": "Belet Weyne", "fatalities": 0, "notes": "On 26 July 2023, Al Shabaab threw a hand grenade against Hirshabelle police checkpoint in Belet Weyne town (Belet Weyne, Hiraan). There were no casualties. Al Shabaab claimed responsibility." }, "geometry": { "type": "Point", "coordinates": [ 45.2043, 4.736 ] } },
{ "type": "Feature", "properties": { "event_type": "Explosions/Remote violence", "event_date": "2023-07-28T00:00:00", "year": 2023, "location": "Belet Weyne", "fatalities": 1, "notes": "On 28 July 2023, Al Shabaab threw a hand grenade against the government security forces (SNA) base near Labaangale headquarter in Belet Weyne town (Belet Weyne, Hiraan). One soldier was killed, and three others were injured." }, "geometry": { "type": "Point", "coordinates": [ 45.2043, 4.736 ] } },
{ "type": "Feature", "properties": { "event_type": "Battles", "event_date": "2023-07-29T00:00:00", "year": 2023, "location": "Belet Weyne", "fatalities": 0, "notes": "On 29 July 2023, Hawadle clan militia loyal to former Hiraan governor clashed with government security forces (SNA) supported by the deputy governor at the Hawlwadag neighborhood in Belet Weyne town (Belet Weyne, Hiraan). The motive behind " }, "geometry": { "type": "Point", "coordinates": [ 45.2043, 4.736 ] } },
{ "type": "Feature", "properties": { "event_type": "Battles", "event_date": "2020-06-07T00:00:00", "year": 2020, "location": "Belet Weyne", "fatalities": 2, "notes": "On 7 June 2020, an armed clash was reported between Habar Gedir clan and Hawadle clan militias in Ceyr-daye and Miira-jibaale village near Belet Weyne town (Belet Weyne, Hiraan). Two people were killed during the clash related to clan retal" }, "geometry": { "type": "Point", "coordinates": [ 45.2043, 4.736 ] } },
{ "type": "Feature", "properties": { "event_type": "Strategic developments", "event_date": "2023-06-21T00:00:00", "year": 2023, "location": "Belet Weyne", "fatalities": 0, "notes": "Movement of forces: On 21 June 2023, about 70 Hawadle Yaber Dige and Reer Ugaas clan militia from Maxaas town arrived in Belet Weyne town (Belet Weyne, Hiraan). The militia supporting the sacked Hiraan governor." }, "geometry": { "type": "Point", "coordinates": [ 45.2043, 4.736 ] } },
{ "type": "Feature", "properties": { "event_type": "Explosions/Remote violence", "event_date": "2025-04-23T00:00:00", "year": 2025, "location": "Belet Weyne", "fatalities": 1, "notes": "On 23 April 2025, suspected Al Shabaab threw 3 hand grenade at a civilian residence in Isbartiibo area in Bundaweyn neighborhood in Belet Weyne town (Belet Weyne, Hiraan). 2 of the grenades detonated, while the third failed to explode. 1 pe" }, "geometry": { "type": "Point", "coordinates": [ 45.2043, 4.736 ] } },
{ "type": "Feature", "properties": { "event_type": "Strategic developments", "event_date": "2025-04-25T00:00:00", "year": 2025, "location": "Belet Weyne", "fatalities": 0, "notes": "Security measures: On 25 April 2025, the senior leadership of the Hawadle clan militia banned the movement of passengers and commercial vehicles between the Hiraan and Middle Shabelle regions, in Belet Weyne town (Belet Weyne, Hiraan). The " }, "geometry": { "type": "Point", "coordinates": [ 45.2043, 4.736 ] } },
{ "type": "Feature", "properties": { "event_type": "Battles", "event_date": "2026-05-09T00:00:00", "year": 2026, "location": "Belet Weyne", "fatalities": 1, "notes": "On 9 May 2026, Al Shabaab clashed with Hirshabelle police forces at checkpoints in Buurka Ugaaska and Heegan neighborhoods in Belet Weyne town (Belet Weyne, Hiraan), after militants threw two hand grenades at the checkpoint. Al Shabaab clai" }, "geometry": { "type": "Point", "coordinates": [ 45.2043, 4.736 ] } },
{ "type": "Feature", "properties": { "event_type": "Explosions/Remote violence", "event_date": "2026-02-14T00:00:00", "year": 2026, "location": "Belet Weyne", "fatalities": 0, "notes": "On 14 February 2026, an IED planted by Al Shabaab exploded, targeting government security forces (SNA) at a checkpoint in Belet Weyne town (Belet Weyne, Hiraan). Al Shabaab claimed to have injured an unknown number of soldiers." }, "geometry": { "type": "Point", "coordinates": [ 45.2043, 4.736 ] } },
{ "type": "Feature", "properties": { "event_type": "Battles", "event_date": "2026-02-20T00:00:00", "year": 2026, "location": "Belet Weyne", "fatalities": 0, "notes": "On 20 February 2026, overnight, Al Shabaab clashed with government security forces (SNA) at a base in Belet Weyne town (Belet Weyne, Hiraan). There were no casualties. Al Shabaab claimed responsibility." }, "geometry": { "type": "Point", "coordinates": [ 45.2043, 4.736 ] } },
{ "type": "Feature", "properties": { "event_type": "Explosions/Remote violence", "event_date": "2026-03-13T00:00:00", "year": 2026, "location": "Belet Weyne", "fatalities": 0, "notes": "On 13 March 2026, Al Shabaab threw a hand grenade targeting government security forces (SNA) at a checkpoint in Belet Weyne town (Belet Weyne, Hiraan). There were no casualties. Al Shabaab claimed responsibility." }, "geometry": { "type": "Point", "coordinates": [ 45.2043, 4.736 ] } },
{ "type": "Feature", "properties": { "event_type": "Explosions/Remote violence", "event_date": "2026-03-19T00:00:00", "year": 2026, "location": "Belet Weyne", "fatalities": 0, "notes": "On 19 March 2026, 2 IEDs planted by Al Shabaab exploded, targeting government security forces (SNA) eastern entrance checkpoint and another checkpoint within Belet Weyne town (Belet Weyne, Hiraan). Al Shabaab claimed to have injured unknown" }, "geometry": { "type": "Point", "coordinates": [ 45.2043, 4.736 ] } },
{ "type": "Feature", "properties": { "event_type": "Explosions/Remote violence", "event_date": "2026-03-30T00:00:00", "year": 2026, "location": "Belet Weyne", "fatalities": 0, "notes": "On 30 March 2026, an IED planted by an unknown armed group (likely Al Shabaab due to similar attacks by the group) exploded under a table at a teashop in Abdicon area in Bundaweyne neighborhood in Belet Weyne town (Belet Weyne, Hiraan). The" }, "geometry": { "type": "Point", "coordinates": [ 45.2043, 4.736 ] } },
{ "type": "Feature", "properties": { "event_type": "Battles", "event_date": "2026-03-31T00:00:00", "year": 2026, "location": "Belet Weyne", "fatalities": 0, "notes": "On 31 March 2026, Al Shabaab clashed with government security forces (SNA) at a base in Belet Weyne town (Belet Weyne, Hiraan). Al Shabaab claimed to have injured unknown number of soldiers." }, "geometry": { "type": "Point", "coordinates": [ 45.2043, 4.736 ] } },
{ "type": "Feature", "properties": { "event_type": "Violence against civilians", "event_date": "2026-04-12T00:00:00", "year": 2026, "location": "Belet Weyne", "fatalities": 1, "notes": "On 12 April 2026, Bantu-Jareer-Weyne Makane sub-clan militia raided nearby houses and killed a woman at her residence in Belet Weyne town (Belet Weyne, Hiraan). The motive was due to the victim's father's affiliation with Al Shabaab." }, "geometry": { "type": "Point", "coordinates": [ 45.2043, 4.736 ] } },
{ "type": "Feature", "properties": { "event_type": "Strategic developments", "event_date": "2022-09-11T00:00:00", "year": 2022, "location": "Belet Weyne", "fatalities": 0, "notes": "On 11 September 2022, government security forces (Gorgor) in an operation took control over Xasan Raqay village near Belet Weyne town (Belet Weyne, Hiraan) from Al Shabaab. No clashes reported." }, "geometry": { "type": "Point", "coordinates": [ 45.2043, 4.736 ] } },
{ "type": "Feature", "properties": { "event_type": "Battles", "event_date": "2022-09-14T00:00:00", "year": 2022, "location": "Belet Weyne", "fatalities": 0, "notes": "On 14 September 2022, overnight, Al Shabaab carried out a hit and run attack against ATMIS DNDF at a forward operation base in Belet Weyne town (Belet Weyne, Hiraan). The forces reacted with heavy gunfire. There were no casualties. Al Shaba" }, "geometry": { "type": "Point", "coordinates": [ 45.2043, 4.736 ] } },
{ "type": "Feature", "properties": { "event_type": "Battles", "event_date": "2022-09-16T00:00:00", "year": 2022, "location": "Belet Weyne", "fatalities": 6, "notes": "On 16 September 2022, Yaber Dige and Ibrahim Isse clan militia from Hawadle clan attacked Al Shabaab militants in Hilo-Bacaad village 25Kms South of Belet Weyne town (Belet Weyne, Hiraan). Six Al Shabaab militants were killed and four milit" }, "geometry": { "type": "Point", "coordinates": [ 45.2043, 4.736 ] } },
{ "type": "Feature", "properties": { "event_type": "Explosions/Remote violence", "event_date": "2022-09-18T00:00:00", "year": 2022, "location": "Belet Weyne", "fatalities": 0, "notes": "On 18 September 2022, a remote controlled IED by Al Shabaab detonated on the road between Belet Weyne Police station and Liiq-liqato Bridge area at the Koshin neighborhood in Belet Weyne town (Belet Weyne, Hiraan). There were no casualties." }, "geometry": { "type": "Point", "coordinates": [ 45.2043, 4.736 ] } },
{ "type": "Feature", "properties": { "event_type": "Explosions/Remote violence", "event_date": "2022-09-10T00:00:00", "year": 2022, "location": "Belet Weyne", "fatalities": 0, "notes": "On 10 September 2022, a remote controlled IED by Al Shabaab detonated in Xujoob village 10km South of Belet Weyne town (Belet Weyne, Hiraan). There were no fatalities. Three people were injured." }, "geometry": { "type": "Point", "coordinates": [ 45.2043, 4.736 ] } },
{ "type": "Feature", "properties": { "event_type": "Battles", "event_date": "2022-09-20T00:00:00", "year": 2022, "location": "Belet Weyne", "fatalities": 0, "notes": "On 20 September 2022, overnight, Al Shabaab threw a hand grenade against government security forces (SNA) at a checkpoint in Belet Weyne town (Belet Weyne, Hiraan). The security forces reacted with gunfire after the explosion. There were no" }, "geometry": { "type": "Point", "coordinates": [ 45.2043, 4.736 ] } },
{ "type": "Feature", "properties": { "event_type": "Explosions/Remote violence", "event_date": "2022-09-11T00:00:00", "year": 2022, "location": "Belet Weyne", "fatalities": 0, "notes": "On 11 September 2022, an IED by Al Shabaab detonated, targeting Hirshabelle police officers' vehicle in Nuur Hawaad area in the Koshin neighborhood in Belet Weyne town (Belet Weyne, Hiraan). The targeted police were EOD team working at the " }, "geometry": { "type": "Point", "coordinates": [ 45.2043, 4.736 ] } },
{ "type": "Feature", "properties": { "event_type": "Violence against civilians", "event_date": "2022-05-27T00:00:00", "year": 2022, "location": "Belet Weyne", "fatalities": 1, "notes": "On 27 May 2022, overnight, Al Shabaab militants shot and killed a clan elder from Hawadle-Ali Madaxweyne clan who was an electoral delegate for Hirshabelle state at the NurHawad area of Hawatako neighborhood in Belet Weyne town (Belet Weyne" }, "geometry": { "type": "Point", "coordinates": [ 45.2043, 4.736 ] } },
{ "type": "Feature", "properties": { "event_type": "Strategic developments", "event_date": "2022-11-20T00:00:00", "year": 2022, "location": "Belet Weyne", "fatalities": 0, "notes": "On 20 November 2022, Al Shabaab took control over Tarajante village near Belet Weyne town (Belet Weyne, Hiraan) and Nuur Fanaax village (coded separately) from government security forces (SNA) and Hawadle sub clan militia (Macawiisley). No " }, "geometry": { "type": "Point", "coordinates": [ 45.2043, 4.736 ] } },
{ "type": "Feature", "properties": { "event_type": "Explosions/Remote violence", "event_date": "2022-09-24T00:00:00", "year": 2022, "location": "Belet Weyne", "fatalities": 1, "notes": "On 24 September 2022, overnight, Al Shabaab threw a hand grenade against Hirshabelle police officers in a residential house Hawa-Tako neighborhood in Belet Weyne town (Belet Weyne, Hiraan). One soldier was killed and three others were injur" }, "geometry": { "type": "Point", "coordinates": [ 45.2043, 4.736 ] } },
{ "type": "Feature", "properties": { "event_type": "Strategic developments", "event_date": "2022-09-04T00:00:00", "year": 2022, "location": "Belet Weyne", "fatalities": 0, "notes": "Property destruction: On 4 September 2022, Al Shabaab launched an attack, destroying several houses in Darow village near Belet Weyne town (Belet Weyne, Hiraan)." }, "geometry": { "type": "Point", "coordinates": [ 45.2043, 4.736 ] } },
{ "type": "Feature", "properties": { "event_type": "Violence against civilians", "event_date": "2022-09-02T00:00:00", "year": 2022, "location": "Belet Weyne", "fatalities": 1, "notes": "On 2 September 2022, a Hirshabelle police officer shot and killed a van driver from Hawadle clan at a checkpoint at the Howl-wadaag neighborhood in Belet Weyne town (Belet Weyne, Hiraan). The motive of the killing was a dispute over tax." }, "geometry": { "type": "Point", "coordinates": [ 45.2043, 4.736 ] } },
{ "type": "Feature", "properties": { "event_type": "Strategic developments", "event_date": "2022-08-24T00:00:00", "year": 2022, "location": "Belet Weyne", "fatalities": 0, "notes": "On 24 August 2022, government security forces (SNA) and Macawiisley clan militia in an operation took over the control of Jaaburow village near Belet Weyne town (Belet Weyne, Hiraan), Ceelbaar, Wara Dheer, Baar, Luuqjelow, Raangaabo, Berdil" }, "geometry": { "type": "Point", "coordinates": [ 45.2043, 4.736 ] } },
{ "type": "Feature", "properties": { "event_type": "Battles", "event_date": "2022-08-16T00:00:00", "year": 2022, "location": "Belet Weyne", "fatalities": 0, "notes": "On 16 August 2022, Macawiisley clan militia launched an attack against Al Shabaab at hideouts in Celow grazing Area 17Kms Northeast of Belet Weyne town (Belet Weyne, Hiraan). Both sides engaged in heavy gunfire. There were no casualties." }, "geometry": { "type": "Point", "coordinates": [ 45.2043, 4.736 ] } },
{ "type": "Feature", "properties": { "event_type": "Battles", "event_date": "2022-08-16T00:00:00", "year": 2022, "location": "Belet Weyne", "fatalities": 0, "notes": "On 16 August 2022, Al Shabaab threw a hand grenade, targeting Hirshabelle police forces checkpoint near the main police station at the Hilac area of Hawlwadag neighborhood in Belet Weyne town (Belet Weyne, Hiraan). There were no fatalities." }, "geometry": { "type": "Point", "coordinates": [ 45.2043, 4.736 ] } },
{ "type": "Feature", "properties": { "event_type": "Violence against civilians", "event_date": "2022-05-03T00:00:00", "year": 2022, "location": "Belet Weyne", "fatalities": 1, "notes": "On 3 May 2022, unidentified gunmen shot and killed a civilian from Hawadle clan at the Laabdheere area of Hawa Tako neighborhood in Belet Weyne town (Belet Weyne, Hiraan). The victim was working as a guard at a drinking water well when he w" }, "geometry": { "type": "Point", "coordinates": [ 45.2043, 4.736 ] } },
{ "type": "Feature", "properties": { "event_type": "Battles", "event_date": "2022-09-09T00:00:00", "year": 2022, "location": "Belet Weyne", "fatalities": 6, "notes": "On 9 September 2022, government security forces (gorgor) and Macawiisley clan militia in an operation clashed with Al Shabaab strongholds at the Dacaaroow mountains near Belet Weyne town (Belet Weyne, Hiraan). Both sides exchanged heavy gun" }, "geometry": { "type": "Point", "coordinates": [ 45.2043, 4.736 ] } },
{ "type": "Feature", "properties": { "event_type": "Violence against civilians", "event_date": "2022-08-03T00:00:00", "year": 2022, "location": "Belet Weyne", "fatalities": 1, "notes": "On 3 August 2022, unidentified gunmen shot and killed a tuk tuk driver in Belet Weyne town (Belet Weyne, Hiraan). The motive of the killing is unknown." }, "geometry": { "type": "Point", "coordinates": [ 45.2043, 4.736 ] } },
{ "type": "Feature", "properties": { "event_type": "Battles", "event_date": "2022-07-20T00:00:00", "year": 2022, "location": "Belet Weyne", "fatalities": 1, "notes": "On 20 July 2022, Al Shabaab militants shot and killed a government soldier (SNA) [assumed on duty] in Buula Yacquub area at the Bundaweyn neighborhood in Belet Weyne town (Belet Weyne, Hiraan). The militants confiscated the weapon of the so" }, "geometry": { "type": "Point", "coordinates": [ 45.2043, 4.736 ] } },
{ "type": "Feature", "properties": { "event_type": "Battles", "event_date": "2022-07-08T00:00:00", "year": 2022, "location": "Belet Weyne", "fatalities": 12, "notes": "On 8 July 2022, Macawiisley clan militia ambushed Al Shabaab militants convoy in Hees village 60 km east of Belet Weyne town (Belet Weyne, Hiraan). At least 12 militants were killed and the Macawiisley militias took control of the village." }, "geometry": { "type": "Point", "coordinates": [ 45.2043, 4.736 ] } },
{ "type": "Feature", "properties": { "event_type": "Battles", "event_date": "2022-07-03T00:00:00", "year": 2022, "location": "Belet Weyne", "fatalities": 0, "notes": "On 3 July 2022, Macawiisley clan militia in an operation clashed with Al Shabaab militants bases in Xamurta grazing area in the vicinity of Belet Weyne town (Belet Weyne, Hiraan). Both sides exchanged heavy gunfire. The clan militia took ov" }, "geometry": { "type": "Point", "coordinates": [ 45.2043, 4.736 ] } },
{ "type": "Feature", "properties": { "event_type": "Explosions/Remote violence", "event_date": "2022-07-01T00:00:00", "year": 2022, "location": "Belet Weyne", "fatalities": 0, "notes": "On 1 July 2022, suspected Al Shabaab militants placed three remote controlled IEDs to three different Solar panel poles on the main road at the Buundaweyn village, near Belet Weyne (Belet Weyne, Hiraan). Two of the IEDs exploded and the thi" }, "geometry": { "type": "Point", "coordinates": [ 45.2043, 4.736 ] } },
{ "type": "Feature", "properties": { "event_type": "Battles", "event_date": "2022-05-31T00:00:00", "year": 2022, "location": "Belet Weyne", "fatalities": 5, "notes": "On 31 May 2022, Al Shabaab attacked government security forces (SNA) at a base in Belet Weyne town (Belet Weyne, Hiraan). Both sides exchanged heavy gunfire. Five soldiers were killed." }, "geometry": { "type": "Point", "coordinates": [ 45.2043, 4.736 ] } },
{ "type": "Feature", "properties": { "event_type": "Explosions/Remote violence", "event_date": "2022-05-19T00:00:00", "year": 2022, "location": "Belet Weyne", "fatalities": 0, "notes": "On 19 May 2022, overnight, Al Shabaab militants threw a hand grenade against civilians in a teashop at the Buundoweyn neighborhood in Belet Weyne town (Belet Weyne, Hiraan). There were no fatalities. Three people were injured including a Hi" }, "geometry": { "type": "Point", "coordinates": [ 45.2043, 4.736 ] } },
{ "type": "Feature", "properties": { "event_type": "Strategic developments", "event_date": "2023-08-03T00:00:00", "year": 2023, "location": "Belet Weyne", "fatalities": 0, "notes": "Defusal: On 3 August 2023, Hirshabelle police forces discovered an IED planted in the entrance of a prison in Belet Weyne town (Belet Weyne, Hiraan). The forces destroyed the IED. There were no casualties. It is suspected that Al Shabaab pl" }, "geometry": { "type": "Point", "coordinates": [ 45.2043, 4.736 ] } },
{ "type": "Feature", "properties": { "event_type": "Battles", "event_date": "2022-05-06T00:00:00", "year": 2022, "location": "Belet Weyne", "fatalities": 1, "notes": "On 6 May 2022, overnight, Al Shabaab militants shot and killed a government soldier (SNA) [assumed on duty] in Belet Weyne town (Belet Weyne, Hiraan)." }, "geometry": { "type": "Point", "coordinates": [ 45.2043, 4.736 ] } },
{ "type": "Feature", "properties": { "event_type": "Explosions/Remote violence", "event_date": "2022-04-23T00:00:00", "year": 2022, "location": "Belet Weyne", "fatalities": 0, "notes": "On 23 April 2022, Al Shabaab militants threw a hand grenade against the vehicle of the Hirshabelle police officer who was the Howlwadag station commander near the Hillac area at the Howlwadag village neighborhood in Belet Weyne (Belet Weyne" }, "geometry": { "type": "Point", "coordinates": [ 45.2043, 4.736 ] } },
{ "type": "Feature", "properties": { "event_type": "Battles", "event_date": "2022-04-21T00:00:00", "year": 2022, "location": "Belet Weyne", "fatalities": 0, "notes": "On 21 April 2022, Al Shabaab militants threw a hand grenade against Hirshabelle police forces at a checkpoint in Belet Weyne town (Belet Weyne, Hiraan). Security forces reacted with gunfire after the explosion. There were no casualties. Al " }, "geometry": { "type": "Point", "coordinates": [ 45.2043, 4.736 ] } },
{ "type": "Feature", "properties": { "event_type": "Violence against civilians", "event_date": "2022-04-19T00:00:00", "year": 2022, "location": "Belet Weyne", "fatalities": 1, "notes": "On 19 April 2022, unidentified gunmen shot and killed a civilian in Belet Weyne town (Belet Weyne, Hiraan). The motive of the killing is unknown." }, "geometry": { "type": "Point", "coordinates": [ 45.2043, 4.736 ] } },
{ "type": "Feature", "properties": { "event_type": "Violence against civilians", "event_date": "2022-04-13T00:00:00", "year": 2022, "location": "Belet Weyne", "fatalities": 1, "notes": "On 13 April 2022, suspected Al Shabaab militants shot and killed the former head of education for Hiraan region near Mutuleelka Mosque in Nur Hawad area at the Hawa Tako village Neighborhood in Belet Weyne town (Belet Wenye, Hiraan)." }, "geometry": { "type": "Point", "coordinates": [ 45.2043, 4.736 ] } },
{ "type": "Feature", "properties": { "event_type": "Strategic developments", "event_date": "2022-03-28T00:00:00", "year": 2022, "location": "Belet Weyne", "fatalities": 0, "notes": "Non-violent activity: On 28 March 2022, government security forces loyal to Hawadle Yaber Dige Sub clan group took control of parts of the city, including the hall where the Somali Parliamentary elections are taking place in Belet Weyne tow" }, "geometry": { "type": "Point", "coordinates": [ 45.2043, 4.736 ] } },
{ "type": "Feature", "properties": { "event_type": "Strategic developments", "event_date": "2022-03-26T00:00:00", "year": 2022, "location": "Belet Weyne", "fatalities": 0, "notes": "Non-violent activity: On 26 March 2022, government security forces loyal to Hawadle Yaber Dige Sub clan group took control of the polling station venue in the Lamagalay administration area in Belet Weyne town (Belet Weyne, Hiraan). The moti" }, "geometry": { "type": "Point", "coordinates": [ 45.2043, 4.736 ] } },
{ "type": "Feature", "properties": { "event_type": "Violence against civilians", "event_date": "2022-05-14T00:00:00", "year": 2022, "location": "Belet Weyne", "fatalities": 1, "notes": "On 14 May 2022, Al Shabaab militants shot and killed a clan elder who was member of the electoral delegates that elected the current Lower house members of parliaments in the Laabka area of Hawatako neighborhood in Belet Weyne town (Belet W" }, "geometry": { "type": "Point", "coordinates": [ 45.2043, 4.736 ] } },
{ "type": "Feature", "properties": { "event_type": "Battles", "event_date": "2022-03-09T00:00:00", "year": 2022, "location": "Belet Weyne", "fatalities": 1, "notes": "On 9 March 2022, government police forces (Haram Caad) shot and killed suspected an Al Shabaab militant preparing an IED in Belet Weyne town (Belet Weyne, Hiraan)." }, "geometry": { "type": "Point", "coordinates": [ 45.2043, 4.736 ] } },
{ "type": "Feature", "properties": { "event_type": "Battles", "event_date": "2022-03-08T00:00:00", "year": 2022, "location": "Belet Weyne", "fatalities": 2, "notes": "On 8 March 2022, government security forces (SNA) guarding the Hiraan regional administration headquarters clashed with Gaaljecel clan militia in Belet Weyne town (Belet Weyne, Hiraan), after the militia were stopped at main entrance where " }, "geometry": { "type": "Point", "coordinates": [ 45.2043, 4.736 ] } },
{ "type": "Feature", "properties": { "event_type": "Protests", "event_date": "2022-03-05T00:00:00", "year": 2022, "location": "Belet Weyne", "fatalities": 0, "notes": "On 5 March 2022, members from Gaaljecel clan militia blocked the Liiqliiqato bridge (through unspecified means) in Belet Weyne town (Belet Weyne, Hiraan), complaining about the seat number HOP# 30 that is only reserved for the MP who is cur" }, "geometry": { "type": "Point", "coordinates": [ 45.2043, 4.736 ] } },
{ "type": "Feature", "properties": { "event_type": "Battles", "event_date": "2022-03-04T00:00:00", "year": 2022, "location": "Belet Weyne", "fatalities": 4, "notes": "On 4 March 2022, Al Shabaab militants shot and killed a Hirshabelle police officer (off duty) in the vicinity of Hiilaac area at the Hawlwadaag village neighborhood in Belet Weyne town (Belet Weyne, Hiraan). Security officers (police) respo" }, "geometry": { "type": "Point", "coordinates": [ 45.2043, 4.736 ] } },
{ "type": "Feature", "properties": { "event_type": "Explosions/Remote violence", "event_date": "2022-02-19T00:00:00", "year": 2022, "location": "Belet Weyne", "fatalities": 21, "notes": "On 19 February 2022, a suicide bomber from Al Shabaab militants detonated, targeting civilians in Barhasan Dhif restaurant between Liqliiqato Bridge and the Hiraan administration office in Belet Weyne town (Belet Weyne, Hiraan). 21 people i" }, "geometry": { "type": "Point", "coordinates": [ 45.2043, 4.736 ] } },
{ "type": "Feature", "properties": { "event_type": "Explosions/Remote violence", "event_date": "2022-02-19T00:00:00", "year": 2022, "location": "Belet Weyne", "fatalities": 0, "notes": "On 19 February 2022, Al Shabaab militants threw a hand grenade, targeting a government security forces (SNA) convoy in the Livestock bridge near the Horseed checkpoint in Hawatako village in Belet Weyne town (Belet Weyne, Hiraan). The hand " }, "geometry": { "type": "Point", "coordinates": [ 45.2043, 4.736 ] } },
{ "type": "Feature", "properties": { "event_type": "Explosions/Remote violence", "event_date": "2022-08-07T00:00:00", "year": 2022, "location": "Belet Weyne", "fatalities": 0, "notes": "On 7 August 2022, Al Shabaab militants burned and destroyed houses of civilians from Hawadle clan in Hees village 60 km east of Belet Weyne town (Belet Weyne, Hiraan). The militants destroyed water source borehole in the area after detonati" }, "geometry": { "type": "Point", "coordinates": [ 45.2043, 4.736 ] } },
{ "type": "Feature", "properties": { "event_type": "Protests", "event_date": "2023-08-27T00:00:00", "year": 2023, "location": "Belet Weyne", "fatalities": 0, "notes": "On 27 August 2023, members of the Jareer- Weyne clan protested along the Bundaweyne -Darwish market area in Belet Weyne town (Belet Weyne, Hiraan). They called for the release of General Shegow Ahmed Ali who was arrested in an operation in " }, "geometry": { "type": "Point", "coordinates": [ 45.2043, 4.736 ] } },
{ "type": "Feature", "properties": { "event_type": "Riots", "event_date": "2023-08-21T00:00:00", "year": 2023, "location": "Belet Weyne", "fatalities": 2, "notes": "On 21 August 2023, several Jareer- Weyne clan demonstrated along the Bundaweyne -Darwish market area at the Koshin in Howlwadaag in Belet Weyne town (Belet Weyne, Hiraan). The demonstrators called for the release of General Shegow Ahmed Ali" }, "geometry": { "type": "Point", "coordinates": [ 45.2043, 4.736 ] } },
{ "type": "Feature", "properties": { "event_type": "Violence against civilians", "event_date": "2023-08-21T00:00:00", "year": 2023, "location": "Belet Weyne", "fatalities": 1, "notes": "On 21 August 2023, Gaaljecel Caafi sub clan militia shot and killed a civilian from Jareerweyne clan over clan revenge in Belet Weyne town (Belet Weyne, Hiraan). This is after Jareerweyne killed a civilian from Gaaljecel Caafi sub clan mili" }, "geometry": { "type": "Point", "coordinates": [ 45.2043, 4.736 ] } },
{ "type": "Feature", "properties": { "event_type": "Explosions/Remote violence", "event_date": "2023-08-19T00:00:00", "year": 2023, "location": "Belet Weyne", "fatalities": 0, "notes": "On 19 August 2023, overnight, suspected Al Shabaab threw a hand grenade to a football ground in Bundaweyne in Belet Weyne town (Belet Weyne, Hiraan). The grenade missed the target and exploded in an open area. Casualties unknown." }, "geometry": { "type": "Point", "coordinates": [ 45.2043, 4.736 ] } },
{ "type": "Feature", "properties": { "event_type": "Strategic developments", "event_date": "2023-08-13T00:00:00", "year": 2023, "location": "Belet Weyne", "fatalities": 0, "notes": "Defusal: On 13 August 2023, unidentified gunmen threw a hand grenade against business center at the Kooshin in Belet Weyne town (Belet Weyne, Hiraan). The grenade did not go off and was removed by Police forces." }, "geometry": { "type": "Point", "coordinates": [ 45.2043, 4.736 ] } },
{ "type": "Feature", "properties": { "event_type": "Battles", "event_date": "2023-08-12T00:00:00", "year": 2023, "location": "Belet Weyne", "fatalities": 1, "notes": "On 12 August 2023, Al Shabaab carried out a hit and run attack against government security forces (SNA) in the vicinity of Belet Weyne town (Belet Weyne, Hiraan). At least one militant was killed." }, "geometry": { "type": "Point", "coordinates": [ 45.2043, 4.736 ] } },
{ "type": "Feature", "properties": { "event_type": "Explosions/Remote violence", "event_date": "2023-09-23T00:00:00", "year": 2023, "location": "Belet Weyne", "fatalities": 39, "notes": "On 23 September 2023, a suicide vehicle-borne IED (SVBIED) by Al Shabaab detonated, targeting government security forces (SNA) in Horseed checkpoint at the Xaawo Taako in Belet Weyne town (Belet Weyne, Hiraan). The suicide bomber and at lea" }, "geometry": { "type": "Point", "coordinates": [ 45.2043, 4.736 ] } },
{ "type": "Feature", "properties": { "event_type": "Battles", "event_date": "2023-09-28T00:00:00", "year": 2023, "location": "Belet Weyne", "fatalities": 0, "notes": "On 28 September 2023, overnight, Al Shabaab threw a hand grenade against government security forces (SNA) checkpoint at Bunda Weyn area in Belet Weyne town (Belet Weyne, Hiiraan). The security forces reacted with gunfire after the blast. Th" }, "geometry": { "type": "Point", "coordinates": [ 45.2043, 4.736 ] } },
{ "type": "Feature", "properties": { "event_type": "Violence against civilians", "event_date": "2023-10-04T00:00:00", "year": 2023, "location": "Belet Weyne", "fatalities": 0, "notes": "On 4 October 2023, Hawadle clan militia abducted a businessman from Makane clan over clan revenge in Belet Weyne town (Belet Weyne, Hiraan)." }, "geometry": { "type": "Point", "coordinates": [ 45.2043, 4.736 ] } },
{ "type": "Feature", "properties": { "event_type": "Violence against civilians", "event_date": "2023-10-04T00:00:00", "year": 2023, "location": "Belet Weyne", "fatalities": 1, "notes": "On 4 October 2023, unidentified gunmen in an illegal checkpoint shot and killed a businesswoman from Hawadle clan in Hiran Bile village near Belet Weyne town (Belet Weyne, Hiraan). The woman was commuting for Mira/ Khat business." }, "geometry": { "type": "Point", "coordinates": [ 45.2043, 4.736 ] } },
{ "type": "Feature", "properties": { "event_type": "Battles", "event_date": "2021-05-17T00:00:00", "year": 2021, "location": "Belet Weyne", "fatalities": 5, "notes": "On 17 May 2021, a Jejele clan militia clashed with a Makane clan militia in Bulladul Nur and Llugbari villages near Belet Weyne town (Belet Weyne, Hiraan). At least ten people were killed and 15 wounded on both sides. The motive of clash wa" }, "geometry": { "type": "Point", "coordinates": [ 45.2043, 4.736 ] } },
{ "type": "Feature", "properties": { "event_type": "Violence against civilians", "event_date": "2021-02-28T00:00:00", "year": 2021, "location": "Belet Weyne", "fatalities": 0, "notes": "On 28 February 2021, suspected Al Shabaab militants shot and injured a government soldier (off duty) at the Kutimbo unit at Koshin village within Belet Weyne town (Belet Weyne, Hiraan)." }, "geometry": { "type": "Point", "coordinates": [ 45.2043, 4.736 ] } },
{ "type": "Feature", "properties": { "event_type": "Battles", "event_date": "2021-02-27T00:00:00", "year": 2021, "location": "Belet Weyne", "fatalities": 1, "notes": "On 27 February 2021, Al Shabaab militants shot and killed a government soldier (SNA) on a foot patrol at Hawlwadag village within Belet Weyne town (Belet Weyne, Hiraan)." }, "geometry": { "type": "Point", "coordinates": [ 45.2043, 4.736 ] } },
{ "type": "Feature", "properties": { "event_type": "Explosions/Remote violence", "event_date": "2021-02-24T00:00:00", "year": 2021, "location": "Belet Weyne", "fatalities": 1, "notes": "On 24 February 2021, Al Shabaab threw a hand grenade at a government security forces (SNA) checkpoint at Buundaweyne village in Belet Weyne town (Belet Weyne, Hiraan). One soldier was killed. Al Shabaab claimed responsibility." }, "geometry": { "type": "Point", "coordinates": [ 45.2043, 4.736 ] } },
{ "type": "Feature", "properties": { "event_type": "Battles", "event_date": "2021-02-13T00:00:00", "year": 2021, "location": "Belet Weyne", "fatalities": 0, "notes": "On 13 February 2021, unidentified gunmen threw a hand grenade at government security forces (SNA) at a checkpoint at Buundaweyne village in Belet Weyne town (Belet Weyne, Hiraan). The soldiers reacted with gunfire. No fatalities and/or inju" }, "geometry": { "type": "Point", "coordinates": [ 45.2043, 4.736 ] } },
{ "type": "Feature", "properties": { "event_type": "Protests", "event_date": "2021-02-06T00:00:00", "year": 2021, "location": "Belet Weyne", "fatalities": 0, "notes": "On 6 February 2021, local residents staged a peaceful protest in support of the Hirshabelle administration after the government forces arrested ten persons earlier in Belet Weyne town (Belet Weyne, Hiraan). The motive of the arrest is unkno" }, "geometry": { "type": "Point", "coordinates": [ 45.2043, 4.736 ] } },
{ "type": "Feature", "properties": { "event_type": "Battles", "event_date": "2021-02-04T00:00:00", "year": 2021, "location": "Belet Weyne", "fatalities": 1, "notes": "On 4 February 2021, a militia loyal to Abukar Haji Warsame Xuud attacked a government security forces (SNA) checkpoint at livestock bridge in Belet Weyne town (Belet Weyne, Hiraan). One person was killed." }, "geometry": { "type": "Point", "coordinates": [ 45.2043, 4.736 ] } },
{ "type": "Feature", "properties": { "event_type": "Battles", "event_date": "2021-02-01T00:00:00", "year": 2021, "location": "Belet Weyne", "fatalities": 0, "notes": "On 1 February 2021, Al Shabaab carried out a hit and ran attack against a government security forces (SNA) checkpoint at Indhafiiq in the Bacaadaha neighborhood of Hawlwadag village in Belet Weyne town (Belet Weyne, Hiraan). There were no c" }, "geometry": { "type": "Point", "coordinates": [ 45.2043, 4.736 ] } },
{ "type": "Feature", "properties": { "event_type": "Battles", "event_date": "2021-01-28T00:00:00", "year": 2021, "location": "Belet Weyne", "fatalities": 0, "notes": "On 28 January 2021, overnight, Al Shabaab carried out an attack against AMISOM DNDF forward operation base in Belet Weyne town (Belet Weyne, Hiraan). There were no casualties. Al Shabaab claimed responsibility." }, "geometry": { "type": "Point", "coordinates": [ 45.2043, 4.736 ] } },
{ "type": "Feature", "properties": { "event_type": "Battles", "event_date": "2021-07-26T00:00:00", "year": 2021, "location": "Belet Weyne", "fatalities": 4, "notes": "On 26 July 2021, Al Shabaab ambushed a Hawadle sub clan militia (Macawiisley) convoy coming from Maxaas town, at Hees village near Belet Weyne town (Belet Weyne, Hiraan). One Macawiisley and three AS militants were killed in the armed confr" }, "geometry": { "type": "Point", "coordinates": [ 45.2043, 4.736 ] } },
{ "type": "Feature", "properties": { "event_type": "Explosions/Remote violence", "event_date": "2026-04-12T00:00:00", "year": 2026, "location": "Belet Weyne", "fatalities": 1, "notes": "On 12 April 2026, an IED planted by suspected Al Shabaab exploded at the main gate of a residence belonging to a Bantu-Jareer-Weyne Makane sub-militia leader near the main prison in Bundaweyne neighborhood in Belet Weyne town (Belet Weyne, " }, "geometry": { "type": "Point", "coordinates": [ 45.2043, 4.736 ] } },
{ "type": "Feature", "properties": { "event_type": "Violence against civilians", "event_date": "2021-09-03T00:00:00", "year": 2021, "location": "Belet Weyne", "fatalities": 0, "notes": "On 3 September 2021, Gaaljecel clan militia abducted three men from Marehan Reer Aw Hassan clan at the Hawlwadag village in Belet Weyne town (Belet Weyne, Hiraan). The reason behind the abduction was reported as retaliation against the disp" }, "geometry": { "type": "Point", "coordinates": [ 45.2043, 4.736 ] } },
{ "type": "Feature", "properties": { "event_type": "Protests", "event_date": "2026-04-16T00:00:00", "year": 2026, "location": "Belet Weyne", "fatalities": 0, "notes": "On 16 April 2026, residents in Belet Weyne (Belet Weyne, Hiraan) protested after a business refused to trade in Somali shillings and demanded EVC Plus." }, "geometry": { "type": "Point", "coordinates": [ 45.2043, 4.736 ] } },
{ "type": "Feature", "properties": { "event_type": "Explosions/Remote violence", "event_date": "2026-04-28T00:00:00", "year": 2026, "location": "Belet Weyne", "fatalities": 0, "notes": "On 28 April 2026, an IED planted by Al Shabaab exploded, targeting government security forces (SNA) at a checkpoint in Belet Weyne town (Belet Weyne, Hiraan). Al Shabaab claimed to have injured at least 2 soldiers." }, "geometry": { "type": "Point", "coordinates": [ 45.2043, 4.736 ] } },
{ "type": "Feature", "properties": { "event_type": "Battles", "event_date": "2026-04-28T00:00:00", "year": 2026, "location": "Belet Weyne", "fatalities": 0, "notes": "On 28 April 2026, Al Shabaab clashed with Hawiye-Hawadle sub-clan militia in Cali Cadawe area near Belet Weyne town (Belet Weyne, Hiraan). 2 militants were injured." }, "geometry": { "type": "Point", "coordinates": [ 45.2043, 4.736 ] } },
{ "type": "Feature", "properties": { "event_type": "Strategic developments", "event_date": "2026-02-10T00:00:00", "year": 2026, "location": "Belet Weyne", "fatalities": 0, "notes": "Looting: On 10 February 2026, suspected Al Shabaab wearing masks looted business truck drivers transporting construction materials, including gravel, from the eastern outskirts of Belet Weyne town (Belet Weyne, Hiraan). The assailants estab" }, "geometry": { "type": "Point", "coordinates": [ 45.2043, 4.736 ] } },
{ "type": "Feature", "properties": { "event_type": "Battles", "event_date": "2026-05-15T00:00:00", "year": 2026, "location": "Belet Weyne", "fatalities": 0, "notes": "On 15 May 2026, government security forces (NISA) clashed with Hawiye-Hawadle sub-clan militias near Belet Weyne town (Belet Weyne, Hiraan). There were no casualties." }, "geometry": { "type": "Point", "coordinates": [ 45.2043, 4.736 ] } },
{ "type": "Feature", "properties": { "event_type": "Battles", "event_date": "2026-05-16T00:00:00", "year": 2026, "location": "Belet Weyne", "fatalities": 0, "notes": "On 16 May 2026, 2 unidentified clan militia clashed in Baladu Rahman village near Belet Weyne town (Belet Weyne, Hiraan). The motive was due to land dispute. There were no casualties." }, "geometry": { "type": "Point", "coordinates": [ 45.2043, 4.736 ] } },
{ "type": "Feature", "properties": { "event_type": "Battles", "event_date": "2026-05-21T00:00:00", "year": 2026, "location": "Belet Weyne", "fatalities": 0, "notes": "On 21 May 2026, Al Shabaab clashed with government security forces (NISA) at a checkpoint in Halwadaag neighborhood in Belet Weyne town (Belet Weyne, Hiraan) after the militants exploded an IED at a residential houses of NISA soldiers in th" }, "geometry": { "type": "Point", "coordinates": [ 45.2043, 4.736 ] } },
{ "type": "Feature", "properties": { "event_type": "Battles", "event_date": "2026-05-28T00:00:00", "year": 2026, "location": "Belet Weyne", "fatalities": 0, "notes": "On 28 May 2026, an unknown armed group (likely Al Shabaab due to the use of a IEDs, which is exclusively associated with the group's operations in Hiiraan region based on recorded incidents) clashed with government security forces (SNA) at " }, "geometry": { "type": "Point", "coordinates": [ 45.2043, 4.736 ] } },
{ "type": "Feature", "properties": { "event_type": "Battles", "event_date": "2021-03-11T00:00:00", "year": 2021, "location": "Belet Weyne", "fatalities": 0, "notes": "On 11 March 2021, government security forces (SNA) attacked a police checkpoint near the Ugaas Khalif airstrip in Balet Weyne town (Belet Weyne, Hiraan). No fatalities and/or injuries reported." }, "geometry": { "type": "Point", "coordinates": [ 45.2043, 4.736 ] } },
{ "type": "Feature", "properties": { "event_type": "Explosions/Remote violence", "event_date": "2021-05-09T00:00:00", "year": 2021, "location": "Belet Weyne", "fatalities": 0, "notes": "On 9 May 2021, suspected Al Shabaab threw a hand grenade at Hawadle sub clan militia (Macawiisley) at their accommodation near the former airstrip neighborhoods of Hawlwadag village in Belet Weyne town (Belet Weyne, Hiraan). Four people wer" }, "geometry": { "type": "Point", "coordinates": [ 45.2043, 4.736 ] } },
{ "type": "Feature", "properties": { "event_type": "Violence against civilians", "event_date": "2021-05-06T00:00:00", "year": 2021, "location": "Belet Weyne", "fatalities": 1, "notes": "On 6 May 2021, Hirshabelle police shot and killed a civilian from Hawadle clan at Horseed checkpoint in Belet Weyne town (Belet Weyne, Hiraan). The reason behind this incident is unknown." }, "geometry": { "type": "Point", "coordinates": [ 45.2043, 4.736 ] } },
{ "type": "Feature", "properties": { "event_type": "Battles", "event_date": "2021-05-06T00:00:00", "year": 2021, "location": "Belet Weyne", "fatalities": 4, "notes": "On 6 May 2021, a Jejele clan militia clashed with a Makane clan militia in Beledul Nur village near Belet Weyne town (Belet Weyne, Hiraan). Four people were killed. The reason behind the fight was over land dispute." }, "geometry": { "type": "Point", "coordinates": [ 45.2043, 4.736 ] } },
{ "type": "Feature", "properties": { "event_type": "Battles", "event_date": "2021-05-05T00:00:00", "year": 2021, "location": "Belet Weyne", "fatalities": 2, "notes": "On 5 May 2021, a Jejele clan militia clashed with a Makane clan militia in Beledul Nur village near Belet Weyne town (Belet Weyne, Hiraan). Two people were killed and six people were injured. The reason behind the clash was over land disput" }, "geometry": { "type": "Point", "coordinates": [ 45.2043, 4.736 ] } },
{ "type": "Feature", "properties": { "event_type": "Battles", "event_date": "2022-01-24T00:00:00", "year": 2022, "location": "Belet Weyne", "fatalities": 0, "notes": "On 24 January 2022, Al Shabaab militants attacked government security forces (SNA) in an operation near Belet Weyne town (Belet Weyne, Hiraan). There were no fatalities. One soldier was injured. Al Shabaab claimed responsibility." }, "geometry": { "type": "Point", "coordinates": [ 45.2043, 4.736 ] } },
{ "type": "Feature", "properties": { "event_type": "Battles", "event_date": "2021-04-20T00:00:00", "year": 2021, "location": "Belet Weyne", "fatalities": 0, "notes": "On 20 April 2021, suspected Al Shabaab militants attacked a government soldier (SNA) in the Bacaadaha neighborhood of Heegan section in Hawlwadaag village in Belet Weyne town (Belet Weyne, Hiraan). No fatalities and/or injuries reported." }, "geometry": { "type": "Point", "coordinates": [ 45.2043, 4.736 ] } },
{ "type": "Feature", "properties": { "event_type": "Violence against civilians", "event_date": "2021-04-13T00:00:00", "year": 2021, "location": "Belet Weyne", "fatalities": 0, "notes": "On 13 April 2021, a government security soldier (NISA) shot and injured a civilian truck driver in Iftin revenue collection checkpoint in Belet Weyne town (Belet Weyne, Hiraan)." }, "geometry": { "type": "Point", "coordinates": [ 45.2043, 4.736 ] } },
{ "type": "Feature", "properties": { "event_type": "Battles", "event_date": "2021-04-01T00:00:00", "year": 2021, "location": "Belet Weyne", "fatalities": 0, "notes": "On 1 April 2021, Al Shabaab attacked government security forces (SNA) at a checkpoint in Belet Weyne town (Belet Weyne, Hiraan). There were no casualties." }, "geometry": { "type": "Point", "coordinates": [ 45.2043, 4.736 ] } },
{ "type": "Feature", "properties": { "event_type": "Explosions/Remote violence", "event_date": "2021-03-25T00:00:00", "year": 2021, "location": "Belet Weyne", "fatalities": 1, "notes": "On 25 March 2021, an IED by an unknown group exploded, targeting Hawadle sub clan militia (Macawiisley) at a checkpoint in the vicinity of Belet Weyne town (Belet Weyne, Hiraan). One person was killed." }, "geometry": { "type": "Point", "coordinates": [ 45.2043, 4.736 ] } },
{ "type": "Feature", "properties": { "event_type": "Battles", "event_date": "2022-01-24T00:00:00", "year": 2022, "location": "Belet Weyne", "fatalities": 1, "notes": "On 24 January 2022, suspected Al Shabaab militants shot and killed a government soldier (SNA) near the livestock market at the Hawlwadaag village neighborhood in Belet Weyne town (Belet Weyne, Hiraan)." }, "geometry": { "type": "Point", "coordinates": [ 45.2043, 4.736 ] } },
{ "type": "Feature", "properties": { "event_type": "Violence against civilians", "event_date": "2021-09-04T00:00:00", "year": 2021, "location": "Belet Weyne", "fatalities": 1, "notes": "On 4 September 2021, members from Jejele clan militia shot and killed a man from Hawadle clan group in the Hawlwadag village in Belet Weyne town (Belet Weyne, Hiraan)." }, "geometry": { "type": "Point", "coordinates": [ 45.2043, 4.736 ] } },
{ "type": "Feature", "properties": { "event_type": "Explosions/Remote violence", "event_date": "2022-01-19T00:00:00", "year": 2022, "location": "Belet Weyne", "fatalities": 1, "notes": "On 19 January 2022, an IED by Al Shabaab militants detonated, targeting a government security forces (NISA) convoy travelling between Ceel Jaale and Belet Weyne town (Belet Weyne, Hiraan). Al Shabaab claimed killing one soldier and injuring" }, "geometry": { "type": "Point", "coordinates": [ 45.2043, 4.736 ] } },
{ "type": "Feature", "properties": { "event_type": "Explosions/Remote violence", "event_date": "2022-01-18T00:00:00", "year": 2022, "location": "Belet Weyne", "fatalities": 0, "notes": "On 18 January 2022, Al Shabaab militants fired mortar shells targeting government security forces (SNA) Lamagalay base and Hiraan regional administration headquarters in Belet Weyne town (Belet Weyne, Hiraan). There were no fatalities." }, "geometry": { "type": "Point", "coordinates": [ 45.2043, 4.736 ] } },
{ "type": "Feature", "properties": { "event_type": "Explosions/Remote violence", "event_date": "2022-01-18T00:00:00", "year": 2022, "location": "Belet Weyne", "fatalities": 0, "notes": "On 18 January 2022, a suspected Al Shabaab militant threw a hand grenade at a government security forces (SNA) checkpoint in Buundaweyne village, south of Belet Weyne town (Belet Weyne, Hiraan). A civilian bystander was injured." }, "geometry": { "type": "Point", "coordinates": [ 45.2043, 4.736 ] } },
{ "type": "Feature", "properties": { "event_type": "Battles", "event_date": "2022-01-12T00:00:00", "year": 2022, "location": "Belet Weyne", "fatalities": 1, "notes": "On 12 January 2022, Ali Madaxweyne sub clan militia of Hawadle clan attacked government security forces (SNA) at a revenue collection checkpoint near Ugaas Khaliif airport in Belet Weyne town (Belet Weyne, Hiraan). One soldier was killed." }, "geometry": { "type": "Point", "coordinates": [ 45.2043, 4.736 ] } },
{ "type": "Feature", "properties": { "event_type": "Battles", "event_date": "2022-01-12T00:00:00", "year": 2022, "location": "Belet Weyne", "fatalities": 0, "notes": "On 12 January 2022, Agoon and Ali Madaxweyne sub clan militias, both from Hawadle clan, clashed at a revenue collection checkpoint near Ugaas Khaliif airport in Belet Weyne town (Belet Weyne, Hiraan). The clash was due to clan revenge. Ther" }, "geometry": { "type": "Point", "coordinates": [ 45.2043, 4.736 ] } },
{ "type": "Feature", "properties": { "event_type": "Violence against civilians", "event_date": "2022-01-03T00:00:00", "year": 2022, "location": "Belet Weyne", "fatalities": 1, "notes": "On 3 January 2022, a government soldier (SNA) shot and killed a civilian in Nur Hawad area at the Koshin village in Belet Weyne town (Belet Weyne, Hiraan)." }, "geometry": { "type": "Point", "coordinates": [ 45.2043, 4.736 ] } },
{ "type": "Feature", "properties": { "event_type": "Riots", "event_date": "2022-01-03T00:00:00", "year": 2022, "location": "Belet Weyne", "fatalities": 0, "notes": "On 3 January 2022, several local residents demonstrated for a second day against the government security forces (SNA) and Hirshabelle administration for attacking Abukar Haji Warsame Xuud and Nur Dheere militias at the Ceel Gaal and Buurto " }, "geometry": { "type": "Point", "coordinates": [ 45.2043, 4.736 ] } },
{ "type": "Feature", "properties": { "event_type": "Riots", "event_date": "2022-01-02T00:00:00", "year": 2022, "location": "Belet Weyne", "fatalities": 0, "notes": "On 2 January 2022, several local residents demonstrated against the government security forces (SNA) and Hirshabelle administration for attacking Abukar Haji Warsame Xuud and Nur Dheere militia at the Ceel Gaal and Buurto Qowleed area, disr" }, "geometry": { "type": "Point", "coordinates": [ 45.2043, 4.736 ] } },
{ "type": "Feature", "properties": { "event_type": "Explosions/Remote violence", "event_date": "2020-08-11T00:00:00", "year": 2020, "location": "Belet Weyne", "fatalities": 0, "notes": "On 11 August 2020, Al Shabaab militants threw a hand grenade at the house of an influential Gaaljecel clan elder in Halgan neighbourhood of Hawlwadaag village in Belet Weyne town (Belet Weyne, Hiraan). No casualties were reported." }, "geometry": { "type": "Point", "coordinates": [ 45.2043, 4.736 ] } },
{ "type": "Feature", "properties": { "event_type": "Battles", "event_date": "2020-12-01T00:00:00", "year": 2020, "location": "Belet Weyne", "fatalities": 0, "notes": "On 1 December 2020, government security forces (SNA), during a door to door operation, shot and injured a suspected Al Shabaab militant in Hilaac neighbourhood of Hawlwadag village in Belet Weyne town (Belet Weyne, Hiraan)." }, "geometry": { "type": "Point", "coordinates": [ 45.2043, 4.736 ] } },
{ "type": "Feature", "properties": { "event_type": "Protests", "event_date": "2020-11-29T00:00:00", "year": 2020, "location": "Belet Weyne", "fatalities": 0, "notes": "On 29 November 2020, about a hundred people protested over the arrest of a leader who organized a protest last week, the protesters blocked (no mention of physical barricades) the main road in front of the police station and the administrat" }, "geometry": { "type": "Point", "coordinates": [ 45.2043, 4.736 ] } },
{ "type": "Feature", "properties": { "event_type": "Violence against civilians", "event_date": "2020-11-29T00:00:00", "year": 2020, "location": "Belet Weyne", "fatalities": 1, "notes": "On 29 November 2020, a suspected Al Shabaab militants shot and killed an influential cultural elder from the Jejele clan in the Hillac neighborhood of Howlwadag village in Belet Weyne town (Belet Weyne, Hiraan)." }, "geometry": { "type": "Point", "coordinates": [ 45.2043, 4.736 ] } },
{ "type": "Feature", "properties": { "event_type": "Battles", "event_date": "2020-11-28T00:00:00", "year": 2020, "location": "Belet Weyne", "fatalities": 0, "notes": "On 28 November 2020, government security forces (SNA) clashed with a militia led by unsuccessful Hirshabelle presidential candidate Abukar Haji Warsame Xuud in Belet weyne town (Belet Weyne, Hiraan). The militia had taken over a checkpoint " }, "geometry": { "type": "Point", "coordinates": [ 45.2043, 4.736 ] } },
{ "type": "Feature", "properties": { "event_type": "Riots", "event_date": "2020-11-28T00:00:00", "year": 2020, "location": "Belet Weyne", "fatalities": 0, "notes": "On 28 November 2020, over a hundred local residents staged a demonstration against the new administration of Hirshabelle state in Belet Weyne town (Belet Weyne, Hiraan). Some roads were barricaded with burning tires, stones and metal object" }, "geometry": { "type": "Point", "coordinates": [ 45.2043, 4.736 ] } },
{ "type": "Feature", "properties": { "event_type": "Battles", "event_date": "2020-11-27T00:00:00", "year": 2020, "location": "Belet Weyne", "fatalities": 0, "notes": "On 27 November 2020, Al Shabaab militants carried out a hit and run attack against government security forces (SNA) at Indhafiiq checkpoint in Heigan neighborhood in Belet Weyne town (Belet Weyne, Hiraan). No fatalities and/or injuries repo" }, "geometry": { "type": "Point", "coordinates": [ 45.2043, 4.736 ] } },
{ "type": "Feature", "properties": { "event_type": "Explosions/Remote violence", "event_date": "2020-11-27T00:00:00", "year": 2020, "location": "Belet Weyne", "fatalities": 0, "notes": "On 27 November 2020, unidentified men threw a hand grenade at a government security forces (SNA) forward operation base in Bacaadaha neighborhood of Hawlwadag village in Belet Weyne town (Belet Weyne, Hiraan). The hand grenade missed the ta" }, "geometry": { "type": "Point", "coordinates": [ 45.2043, 4.736 ] } },
{ "type": "Feature", "properties": { "event_type": "Explosions/Remote violence", "event_date": "2020-11-26T00:00:00", "year": 2020, "location": "Belet Weyne", "fatalities": 0, "notes": "On 26 November 2020, Al Shabaab threw a hand grenade towards the entrance gate of a FGS MP's residence at Hawlwadag village in Belet Weyne town (Belet Weyne, Hiraan). The grenade missed the target and exploded, injuring a passerby civilian." }, "geometry": { "type": "Point", "coordinates": [ 45.2043, 4.736 ] } },
{ "type": "Feature", "properties": { "event_type": "Violence against civilians", "event_date": "2021-04-24T00:00:00", "year": 2021, "location": "Belet Weyne", "fatalities": 0, "notes": "On 24 April 2021, Jejele clan militia abducted two civilians from the Hawadle clan at Hillac neighborhood of Hawlwadag village in Belet Weyne town (Belet Weyne, Hiraan). The motive of the abduction is related to clan revenge." }, "geometry": { "type": "Point", "coordinates": [ 45.2043, 4.736 ] } },
{ "type": "Feature", "properties": { "event_type": "Violence against civilians", "event_date": "2020-08-12T00:00:00", "year": 2020, "location": "Belet Weyne", "fatalities": 0, "notes": "On 12 August 2020, a Hawadle clan militiaman shot and seriously wounded a civilian man from the same clan at Caadley village near Belet Weyne town (Belet Weyne, Hiraan), in a case of clan revenge." }, "geometry": { "type": "Point", "coordinates": [ 45.2043, 4.736 ] } },
{ "type": "Feature", "properties": { "event_type": "Protests", "event_date": "2020-12-04T00:00:00", "year": 2020, "location": "Belet Weyne", "fatalities": 0, "notes": "On 4 December 2020, over a hundred local residents staged a protest against the new HirShabelle administration based in Jowhar and demanded for their share in Belet Weyne town (Belet Weyne, Hiraan). The protesters demanded for inclusivity i" }, "geometry": { "type": "Point", "coordinates": [ 45.2043, 4.736 ] } },
{ "type": "Feature", "properties": { "event_type": "Protests", "event_date": "2020-12-30T00:00:00", "year": 2020, "location": "Belet Weyne", "fatalities": 0, "notes": "On 30 December 2020, over a hundred local residents protested against the new HirShabelle administration and demanded for the arrested journalists and civil society activists to freed in Belet Weyne town (Belet Weyne, Hiraan)." }, "geometry": { "type": "Point", "coordinates": [ 45.2043, 4.736 ] } },
{ "type": "Feature", "properties": { "event_type": "Battles", "event_date": "2020-12-30T00:00:00", "year": 2020, "location": "Belet Weyne", "fatalities": 0, "notes": "On 30 December 2020, Al Shabaab militants launched an attack targeting an AMISOM DNDF troops forward operation base in Belet Weyne town (Belet Weyne, Hiraan). No casualties. Al Shabaab claimed responsibility." }, "geometry": { "type": "Point", "coordinates": [ 45.2043, 4.736 ] } },
{ "type": "Feature", "properties": { "event_type": "Violence against civilians", "event_date": "2020-06-15T00:00:00", "year": 2020, "location": "Belet Weyne", "fatalities": 2, "notes": "On 15 June 2020, Al Shabaab militants shot and killed two civilian men hailing from Makane clan in Warahuubo village near Belet Weyne town (Belet Weyne, Hiraan). Both men were chewing mira/khad in the outskirts of the village which Al Shaba" }, "geometry": { "type": "Point", "coordinates": [ 45.2043, 4.736 ] } },
{ "type": "Feature", "properties": { "event_type": "Battles", "event_date": "2020-12-21T00:00:00", "year": 2020, "location": "Belet Weyne", "fatalities": 0, "notes": "On 21 December 2020, Al Shabaab militants launched an attack targeting an AMISOM DNDF troops forward operation base in Belet Weyne town (Belet Weyne, Hiraan). No casualties. Al Shabaab claimed responsibility." }, "geometry": { "type": "Point", "coordinates": [ 45.2043, 4.736 ] } },
{ "type": "Feature", "properties": { "event_type": "Explosions/Remote violence", "event_date": "2020-12-19T00:00:00", "year": 2020, "location": "Belet Weyne", "fatalities": 1, "notes": "On 19 December 2020, an IED by Al Shabaab militants, targeting Hawadle clan militia in a tea shop in Belet Weyne town (Belet Weyne, Hiraan) detonated. One person was killed in the blast. Al Shabaab claimed responsibility." }, "geometry": { "type": "Point", "coordinates": [ 45.2043, 4.736 ] } },
{ "type": "Feature", "properties": { "event_type": "Battles", "event_date": "2020-12-15T00:00:00", "year": 2020, "location": "Belet Weyne", "fatalities": 0, "notes": "On 15 December 2020, Al Shabaab militants fired five mortar rounds, targeting an AMISOM DNDF forward operation base in Qorhasan village near Belet Weyne town (Belet Weyne, Hiraan). The mortars hit an open ground. DNDF responded using artill" }, "geometry": { "type": "Point", "coordinates": [ 45.2043, 4.736 ] } },
{ "type": "Feature", "properties": { "event_type": "Battles", "event_date": "2020-12-07T00:00:00", "year": 2020, "location": "Belet Weyne", "fatalities": 0, "notes": "On 7 December 2020, Al Shabaab militants carried a hit and ran attack against a government security forces (SNA) Indhafiiq checkpoint at Hillac neighborhoods in Hawlwadag village in Belet Weyne town (Belet Weyne, Hiraan). No fatalities and/" }, "geometry": { "type": "Point", "coordinates": [ 45.2043, 4.736 ] } },
{ "type": "Feature", "properties": { "event_type": "Battles", "event_date": "2020-12-04T00:00:00", "year": 2020, "location": "Belet Weyne", "fatalities": 0, "notes": "On 4 December 2020, government security forces (SNA) clashed with militia men of Abukar Haji Warsame Xuud in Belet Weyne town (Belet Weyne, Hiraan). At least six people were injured." }, "geometry": { "type": "Point", "coordinates": [ 45.2043, 4.736 ] } },
{ "type": "Feature", "properties": { "event_type": "Protests", "event_date": "2020-10-11T00:00:00", "year": 2020, "location": "Belet Weyne", "fatalities": 0, "notes": "On 11 October 2020, over a hundred locals staged a peaceful protest demanding equal representation for the Hirshabelle administration in Belet Weyne town (Belet Weyne, Hiraan)." }, "geometry": { "type": "Point", "coordinates": [ 45.2043, 4.736 ] } },
{ "type": "Feature", "properties": { "event_type": "Explosions/Remote violence", "event_date": "2020-09-29T00:00:00", "year": 2020, "location": "Belet Weyne", "fatalities": 0, "notes": "On 29 September 2020, Al Shabaab militants threw a hand grenade at the Indhofiig government security forces (SNA) forward operation base checkpoint in Hawlwadag village in Belet Weyne town (Belet Weyne, Hiraan). No fatalities and/or injurie" }, "geometry": { "type": "Point", "coordinates": [ 45.2043, 4.736 ] } },
{ "type": "Feature", "properties": { "event_type": "Battles", "event_date": "2020-11-23T00:00:00", "year": 2020, "location": "Belet Weyne", "fatalities": 0, "notes": "On 23 November 2020, Al Shabaab militants carried out a hit and run attack against the government security forces Indhafiiq checkpoint at Heegan neighborhood in Belet Weyne town (Belet Weyne, Hiraan). No fatalities and/or injuries reported." }, "geometry": { "type": "Point", "coordinates": [ 45.2043, 4.736 ] } },
{ "type": "Feature", "properties": { "event_type": "Explosions/Remote violence", "event_date": "2020-09-18T00:00:00", "year": 2020, "location": "Belet Weyne", "fatalities": 0, "notes": "On 18 September 2020, Al Shabaab threw a hand grenade at a tea-shop in the livestock market Hawlwadag village (Belet Weyne, Hiraan). The attackers were targeting the Hawadle sub clan militia (Macawiisley) who were at the tea-shop. No fatali" }, "geometry": { "type": "Point", "coordinates": [ 45.2043, 4.736 ] } },
{ "type": "Feature", "properties": { "event_type": "Violence against civilians", "event_date": "2020-09-13T00:00:00", "year": 2020, "location": "Belet Weyne", "fatalities": 1, "notes": "On 13 September 2020, Al Shabaab killed a commander from Jejele clan group (Macawiisley) at the Hawlwadaag neighborhood in Belet Weyne town (Belet Weyne, Hiraan)." }, "geometry": { "type": "Point", "coordinates": [ 45.2043, 4.736 ] } },
{ "type": "Feature", "properties": { "event_type": "Battles", "event_date": "2020-09-03T00:00:00", "year": 2020, "location": "Belet Weyne", "fatalities": 2, "notes": "On 3 September 2020, government security forces (SNA) in an operation clashed with Al Shabaab militants who had earlier killed the district officer in Belet Weyne town (Belet Weyne, Hiraan). Two militants were killed." }, "geometry": { "type": "Point", "coordinates": [ 45.2043, 4.736 ] } },
{ "type": "Feature", "properties": { "event_type": "Battles", "event_date": "2020-09-03T00:00:00", "year": 2020, "location": "Belet Weyne", "fatalities": 0, "notes": "On 3 September 2020, Al Shabaab militants carried out a hit and ran attack against an AMISOM DNDF forward operation base in Belet Weyne town (Belet Weyne, Hiraan). The DNDF fired back at the attackers. Fatalities were not reported." }, "geometry": { "type": "Point", "coordinates": [ 45.2043, 4.736 ] } },
{ "type": "Feature", "properties": { "event_type": "Battles", "event_date": "2020-08-30T00:00:00", "year": 2020, "location": "Belet Weyne", "fatalities": 0, "notes": "On 30 August 2020, two armed clan militias hailing from Gaaljecel and Jajeele clans exchanged small arms gunfire on the outskirts of Belt Weyne town (Belet Weyne, Hiraan). The clash is the result of the disputed farming land. No fatalities " }, "geometry": { "type": "Point", "coordinates": [ 45.2043, 4.736 ] } },
{ "type": "Feature", "properties": { "event_type": "Strategic developments", "event_date": "2020-08-26T00:00:00", "year": 2020, "location": "Belet Weyne", "fatalities": 0, "notes": "Defusal: On 26 August 2020, an IED concealed in an empty tin was placed at the front gate of Shabelow IDP camp in Buulo Yacquub neighbourhood of Buundaweyne village in Belet Weyne town (Belet Weyne, Hiraan). Police forces EOD unit dismantle" }, "geometry": { "type": "Point", "coordinates": [ 45.2043, 4.736 ] } },
{ "type": "Feature", "properties": { "event_type": "Explosions/Remote violence", "event_date": "2020-08-19T00:00:00", "year": 2020, "location": "Belet Weyne", "fatalities": 3, "notes": "On 19 August 2020, an IED detonated by Al Shabaab militants targeted government security forces (SNA) in Belet Weyne town (Belet Weyne, Hiraan. Three government security forces were killed. Al Shabaab claimed responsibility." }, "geometry": { "type": "Point", "coordinates": [ 45.2043, 4.736 ] } },
{ "type": "Feature", "properties": { "event_type": "Battles", "event_date": "2020-06-29T00:00:00", "year": 2020, "location": "Belet Weyne", "fatalities": 0, "notes": "On 29 June 2020, Al Shabaab militants carried out a hit and run attack against a government forces (military) checkpoint in Indhafiiq neighbourhood of Hawlwadaag in Belet Weyne town (Belet Weyne, Hiraan). Both sides exchange heavy gunfire a" }, "geometry": { "type": "Point", "coordinates": [ 45.2043, 4.736 ] } },
{ "type": "Feature", "properties": { "event_type": "Explosions/Remote violence", "event_date": "2020-06-28T00:00:00", "year": 2020, "location": "Belet Weyne", "fatalities": 0, "notes": "On 28 June 2020, Al Shabaab militants targeted AMISOM (Djibouti) with six mortar shells in the Qrhasan neighbourhood of Hawlwadaag in Belet Weyne town (Belet Weyne, Hiraan). The mortars landed in an open ground north of AMISOM base and no d" }, "geometry": { "type": "Point", "coordinates": [ 45.2043, 4.736 ] } },
{ "type": "Feature", "properties": { "event_type": "Protests", "event_date": "2020-06-22T00:00:00", "year": 2020, "location": "Belet Weyne", "fatalities": 0, "notes": "On 22 June 2020, about 50 youths whose application to join the NISA training was turned down protested against the decision in Belet Weyne town (Belet Weyne, Hiraan). The local elders intervened and reconciled with the protesters." }, "geometry": { "type": "Point", "coordinates": [ 45.2043, 4.736 ] } },
{ "type": "Feature", "properties": { "event_type": "Riots", "event_date": "2020-06-21T00:00:00", "year": 2020, "location": "Belet Weyne", "fatalities": 0, "notes": "On 21 June 2020, a group of demonstrators turned violent in the city and vandalised glass windows of shops, vehicles, burnt tires and blocked the main road of Belet Weyne town (Belet Weyne, Hiraan). The demonstration was linked to security " }, "geometry": { "type": "Point", "coordinates": [ 45.2043, 4.736 ] } },
{ "type": "Feature", "properties": { "event_type": "Battles", "event_date": "2021-01-04T00:00:00", "year": 2021, "location": "Belet Weyne", "fatalities": 0, "notes": "On 4 January 2021, overnight, Al Shabaab militants carried out an attack against government security forces (SNA) in Balet Weyne town (Belet Weyne, Hiraan). No fatalities. Al Shabaab militants claimed responsibility." }, "geometry": { "type": "Point", "coordinates": [ 45.2043, 4.736 ] } },
{ "type": "Feature", "properties": { "event_type": "Violence against civilians", "event_date": "2020-06-17T00:00:00", "year": 2020, "location": "Belet Weyne", "fatalities": 2, "notes": "On 17 June 2020, Reer Aw Hassan clan militia shot and killed a father and his son from the Hawadle clan in Burukur village near Belet Weyne town (Belet Weyne, Hiraan). The motive behind the killing is related to clan retaliation." }, "geometry": { "type": "Point", "coordinates": [ 45.2043, 4.736 ] } },
{ "type": "Feature", "properties": { "event_type": "Battles", "event_date": "2020-06-16T00:00:00", "year": 2020, "location": "Belet Weyne", "fatalities": 0, "notes": "On 16 June 2020, a Reer Aw Hassan clan militia clashed with members of a Hawadle clan militia and attacked their houses in the Darerta area of Mohamud Gacal village near Belet Weyne town (Belet Weyne, Hiraan). During the face-off, Reer Aw H" }, "geometry": { "type": "Point", "coordinates": [ 45.2043, 4.736 ] } },
{ "type": "Feature", "properties": { "event_type": "Explosions/Remote violence", "event_date": "2020-06-15T00:00:00", "year": 2020, "location": "Belet Weyne", "fatalities": 0, "notes": "On 15 June 2020, Al Shabaab militants fired six mortar shells targeting a AMISOM (Djibouti) base in the Qrhasan neighbourhood of Hawlwadaag village in Belet Weyne town (Belet Weyne, Hiraan). No casualties and damage of properties were repor" }, "geometry": { "type": "Point", "coordinates": [ 45.2043, 4.736 ] } },
{ "type": "Feature", "properties": { "event_type": "Protests", "event_date": "2020-12-27T00:00:00", "year": 2020, "location": "Belet Weyne", "fatalities": 0, "notes": "On 27 December 2020, over a hundred local residents protested against the security operation in the town and the arrest campaign of some men including journalists and other opponents to the HirShabelle administration in Belet Weyne town (Be" }, "geometry": { "type": "Point", "coordinates": [ 45.2043, 4.736 ] } },
{ "type": "Feature", "properties": { "event_type": "Battles", "event_date": "2020-10-12T00:00:00", "year": 2020, "location": "Belet Weyne", "fatalities": 0, "notes": "On 12 October 2020, Al Shabaab militants carried out an attack against a government security forces (SNA) base in Belet Weyne town (Belet Weyne, Hiraan). No casualties. Al Shabaab claimed responsibility." }, "geometry": { "type": "Point", "coordinates": [ 45.2043, 4.736 ] } },
{ "type": "Feature", "properties": { "event_type": "Explosions/Remote violence", "event_date": "2020-02-10T00:00:00", "year": 2020, "location": "Belet Weyne", "fatalities": 0, "notes": "On 10 February 2020, in Belet weyne (Belet Weyne, Hiraan) AMISOM Ethiopian contingent forces were attacked by mortars. Casualties are unknown and no attackers claimed responsibility." }, "geometry": { "type": "Point", "coordinates": [ 45.2043, 4.736 ] } },
{ "type": "Feature", "properties": { "event_type": "Violence against civilians", "event_date": "2020-01-24T00:00:00", "year": 2020, "location": "Belet Weyne", "fatalities": 0, "notes": "On 24 January 2020, between Belet Weyne and Ceelow (Belet Weyne, Hiraan), Al Shabaab militants abducted four locals, who were driving Toyota Suzuki. They took them to an unknown location." }, "geometry": { "type": "Point", "coordinates": [ 45.2043, 4.736 ] } },
{ "type": "Feature", "properties": { "event_type": "Battles", "event_date": "2020-03-05T00:00:00", "year": 2020, "location": "Belet Weyne", "fatalities": 0, "notes": "On 05 March 2020, Al Shabaab militants attacked Somali military forces west of Belet weyne (Belet weyne, Hiraan) but no fatalities were reported." }, "geometry": { "type": "Point", "coordinates": [ 45.2043, 4.736 ] } },
{ "type": "Feature", "properties": { "event_type": "Battles", "event_date": "2020-01-13T00:00:00", "year": 2020, "location": "Belet Weyne", "fatalities": 0, "notes": "On 13 January 2020, a clan militia from Hawadle shot and injured a member of the same clan militia at Kooshin village in Belet Weyne town (Belet Weyne, Hiraan). Motive unknown." }, "geometry": { "type": "Point", "coordinates": [ 45.2043, 4.736 ] } },
{ "type": "Feature", "properties": { "event_type": "Battles", "event_date": "2020-01-12T00:00:00", "year": 2020, "location": "Belet Weyne", "fatalities": 1, "notes": "12 January 2020. In Belet weyne (Belet weyne, Hiraan), unidentified armed men ambushed a Toyota Suzuki driven by a Liyuu Police Officer with two guards on board, killing the officer. Motive unknown." }, "geometry": { "type": "Point", "coordinates": [ 45.2043, 4.736 ] } },
{ "type": "Feature", "properties": { "event_type": "Battles", "event_date": "2020-06-18T00:00:00", "year": 2020, "location": "Belet Weyne", "fatalities": 0, "notes": "On 18 June 2020, Al Shabaab militants attacked a AMISOM (Djibouti) troops forward operation base with several mortar rounds in Belet Weyne town (Belet Weyne, Hiraan). AMISOM forces responded with heavy weapons and after a brief exchange of " }, "geometry": { "type": "Point", "coordinates": [ 45.2043, 4.736 ] } },
{ "type": "Feature", "properties": { "event_type": "Battles", "event_date": "2020-07-30T00:00:00", "year": 2020, "location": "Belet Weyne", "fatalities": 2, "notes": "On 30 July 2020, Macawiisley clan militia attacked an Al Shabaab militant convoy near Belet Weyne town (Belet Weyne, Hiraan). Two Al Shabaab militants were killed." }, "geometry": { "type": "Point", "coordinates": [ 45.2043, 4.736 ] } },
{ "type": "Feature", "properties": { "event_type": "Battles", "event_date": "2020-07-25T00:00:00", "year": 2020, "location": "Belet Weyne", "fatalities": 1, "notes": "On 25 July 2020, Government forces clashed with militants during an operation targeting an Al Shabaab checkpoint near Belet Weyne town (Belet Weyne, Hiraan). One senior Al Shabaab militants was killed." }, "geometry": { "type": "Point", "coordinates": [ 45.2043, 4.736 ] } },
{ "type": "Feature", "properties": { "event_type": "Protests", "event_date": "2020-07-07T00:00:00", "year": 2020, "location": "Belet Weyne", "fatalities": 0, "notes": "On 7 July 2020, about 50 local youths protested in Belet Weyne town (Belet Weyne, Hiraan), against the decision of the parliament to transfer two elective seats to Jowhar. The seats were previously under Belet Weyne district." }, "geometry": { "type": "Point", "coordinates": [ 45.2043, 4.736 ] } },
{ "type": "Feature", "properties": { "event_type": "Violence against civilians", "event_date": "2020-07-04T00:00:00", "year": 2020, "location": "Belet Weyne", "fatalities": 1, "notes": "On 4 July 2020, Al Shabaab militants killed a man from Makane clan caught chewing khat in Macala village near Belet Weyne town (Belet Weyne, Hiraan). The militants have forbidden the use of miira/khat in their controlled areas." }, "geometry": { "type": "Point", "coordinates": [ 45.2043, 4.736 ] } },
{ "type": "Feature", "properties": { "event_type": "Riots", "event_date": "2020-04-10T00:00:00", "year": 2020, "location": "Belet Weyne", "fatalities": 0, "notes": "On 10 April 2020, security forces (assumed police) staged a demonstration over payment and logistics issues, blocking all roads in Belet Weyne (Belet Weyne, Hiraan). The demonstrators set tires on fire and completely stopped the movement of" }, "geometry": { "type": "Point", "coordinates": [ 45.2043, 4.736 ] } },
{ "type": "Feature", "properties": { "event_type": "Battles", "event_date": "2020-04-08T00:00:00", "year": 2020, "location": "Belet Weyne", "fatalities": 0, "notes": "On 08 April 2020, soldiers loyal to the former Hiraan Governor fired several shots at the new Governor's guards (assumed police) when they arrived at the Hiraan Regional HQ in Balet Wyne (Balet Weyne, Hiraan). No casualties reported." }, "geometry": { "type": "Point", "coordinates": [ 45.2043, 4.736 ] } },
{ "type": "Feature", "properties": { "event_type": "Violence against civilians", "event_date": "2020-04-08T00:00:00", "year": 2020, "location": "Belet Weyne", "fatalities": 0, "notes": "On 08 April 2020, soldiers fired warning shots to disperse rickshaw drivers that blocked the road at Buundaweyne bridge, south of Belet Weyne (Belet Weyne, Hiraan). A paserby got injured from fired bullets." }, "geometry": { "type": "Point", "coordinates": [ 45.2043, 4.736 ] } },
{ "type": "Feature", "properties": { "event_type": "Violence against civilians", "event_date": "2020-03-14T00:00:00", "year": 2020, "location": "Belet Weyne", "fatalities": 3, "notes": "On 14 March 2020, a Reer-Hassan clan militia shot dead 3 civilians of the Hawadle clan group near Dareera, approximately 25km north of Beledweyne (Hiraan)." }, "geometry": { "type": "Point", "coordinates": [ 45.2043, 4.736 ] } },
{ "type": "Feature", "properties": { "event_type": "Strategic developments", "event_date": "2020-03-11T00:00:00", "year": 2020, "location": "Belet Weyne", "fatalities": 0, "notes": "On 11 March 2020, a convoy of the Somali military that was escorting government officials was stopped by AMISOM troops in Belet weyne (Belet weyne, Hiraan) asking them to disarm. Both sides exchanged warning shots but no fatalities were rep" }, "geometry": { "type": "Point", "coordinates": [ 45.2043, 4.736 ] } },
{ "type": "Feature", "properties": { "event_type": "Strategic developments", "event_date": "2020-03-08T00:00:00", "year": 2020, "location": "Belet Weyne", "fatalities": 0, "notes": "On 08 March 2020, Somali military forces safely defused IEDs buried by Al Shabaab militants in Belet weyne (Belet weyne, Hiraan)." }, "geometry": { "type": "Point", "coordinates": [ 45.2043, 4.736 ] } },
{ "type": "Feature", "properties": { "event_type": "Battles", "event_date": "2020-05-08T00:00:00", "year": 2020, "location": "Belet Weyne", "fatalities": 1, "notes": "On 8 May 2020, armed militias from the Hawadle and Jarer Weyne clans battled in Shiirkaneeco village near Balet Weyne town (Balet Weyne, Hiraan). The two sides exchanged small arms fire, resulting in the death of a local man by a stray bull" }, "geometry": { "type": "Point", "coordinates": [ 45.2043, 4.736 ] } },
{ "type": "Feature", "properties": { "event_type": "Battles", "event_date": "2020-02-29T00:00:00", "year": 2020, "location": "Belet Weyne", "fatalities": 0, "notes": "On 29 February 2020, a militia hailing from the Hawadle clan attacked and took control of the Horseed military checkpoint in Belet Weyne (Belet Weyne, Hiraan). No fatalities were reported." }, "geometry": { "type": "Point", "coordinates": [ 45.2043, 4.736 ] } },
{ "type": "Feature", "properties": { "event_type": "Violence against civilians", "event_date": "2020-02-15T00:00:00", "year": 2020, "location": "Belet Weyne", "fatalities": 0, "notes": "On 15 February 2020, a soldier of the Somali military force shot and injured a rickshaw driver in Belet weyne (Belet weyne, Hiraan). Motive unknown but rickshaw and tutuk drivers have been targeted by Somali military and police forces in Mo" }, "geometry": { "type": "Point", "coordinates": [ 45.2043, 4.736 ] } },
{ "type": "Feature", "properties": { "event_type": "Battles", "event_date": "2020-02-13T00:00:00", "year": 2020, "location": "Belet Weyne", "fatalities": 20, "notes": "On 13 February 2020, at least 20 militiamen were killed when Ethiopian soldiers of the AMISOM contingent clashed with the Macaswiley militia near Belet Weyne (Belet Weyne, Hiraan)." }, "geometry": { "type": "Point", "coordinates": [ 45.2043, 4.736 ] } },
{ "type": "Feature", "properties": { "event_type": "Explosions/Remote violence", "event_date": "2026-05-29T00:00:00", "year": 2026, "location": "Belet Weyne", "fatalities": 0, "notes": "On 29 May 2026, suspected Al Shabaab threw a hand grenade targeting a police checkpoint in the Bundaweyn neighborhood, south of Belet Weyne town (Belet Weyne, Hiraan). The grenade missed its intended target. There were no casualties. Al Sha" }, "geometry": { "type": "Point", "coordinates": [ 45.2043, 4.736 ] } },
{ "type": "Feature", "properties": { "event_type": "Explosions/Remote violence", "event_date": "2026-06-02T00:00:00", "year": 2026, "location": "Belet Weyne", "fatalities": 0, "notes": "On 2 June 2026, a remote-controlled IED planted by Al Shabaab exploded, targeting Hirshabelle police forces at a checkpoint in Donsubagle area of Bundaweyne, southwest of Belet Weyne town (Belet Weyne, Hiraan). Al Shabaab claimed to have in" }, "geometry": { "type": "Point", "coordinates": [ 45.2043, 4.736 ] } },
{ "type": "Feature", "properties": { "event_type": "Explosions/Remote violence", "event_date": "2026-06-12T00:00:00", "year": 2026, "location": "Belet Weyne", "fatalities": 0, "notes": "On 12 June 2026, an IED concealed in a shallow by an unknown armed group (likely Al Shabaab due to the use of an IED, which is exclusively associated with the group's operations in Hiraan region based on recorded incidents) exploded in the " }, "geometry": { "type": "Point", "coordinates": [ 45.2043, 4.736 ] } },
{ "type": "Feature", "properties": { "event_type": "Explosions/Remote violence", "event_date": "2026-06-17T00:00:00", "year": 2026, "location": "Belet Weyne", "fatalities": 3, "notes": "On 17 June 2026, an IED planted by Al Shabaab exploded, targeting government security forces (SNA) at a checkpoint in Belet Weyne town (Belet Weyne, Hiraan). Al Shabaab claimed to have killed and injured soldiers. Unspecified fatalities cod" }, "geometry": { "type": "Point", "coordinates": [ 45.2043, 4.736 ] } },
{ "type": "Feature", "properties": { "event_type": "Explosions/Remote violence", "event_date": "2026-06-20T00:00:00", "year": 2026, "location": "Belet Weyne", "fatalities": 0, "notes": "On 20 June 2026, overnight, Al Shabaab threw a hand grenade targeting government security forces (SNA) at a base in the Bacadaha area, southwest of Belet Weyne town (Belet Weyne, Hiraan). Casualties unknown. Al Shabaab claimed responsibilit" }, "geometry": { "type": "Point", "coordinates": [ 45.2043, 4.736 ] } },
{ "type": "Feature", "properties": { "event_type": "Battles", "event_date": "2026-06-27T00:00:00", "year": 2026, "location": "Belet Weyne", "fatalities": 0, "notes": "On 27 June 2026, Al Shabaab clashed with government soldier (SNA) on board a rickshaw, near the Moisaha water point in the Ceeljaale area in Nuur-xawaad neighborhood in Belet Weyne town (Belet Weyne, Hiraan). Al Shabaab claimed to have inju" }, "geometry": { "type": "Point", "coordinates": [ 45.2043, 4.736 ] } },
{ "type": "Feature", "properties": { "event_type": "Battles", "event_date": "2020-01-20T00:00:00", "year": 2020, "location": "Belet Weyne", "fatalities": 0, "notes": "20 January 2020. In Belet weyne, Al Shabaab militants attacked Somali military forces. No fatalities were recorded." }, "geometry": { "type": "Point", "coordinates": [ 45.2043, 4.736 ] } },
{ "type": "Feature", "properties": { "event_type": "Explosions/Remote violence", "event_date": "2020-05-02T00:00:00", "year": 2020, "location": "Belet Weyne", "fatalities": 0, "notes": "On 2 May 2020, a remote IED exploplosion by Al Shabaab militants targeted government military logistics officials in Belet Weyne town (Belet Weyne, Hiraan)." }, "geometry": { "type": "Point", "coordinates": [ 45.2043, 4.736 ] } },
{ "type": "Feature", "properties": { "event_type": "Violence against civilians", "event_date": "2020-04-19T00:00:00", "year": 2020, "location": "Belet Weyne", "fatalities": 1, "notes": "On 19 April 2020, Al Shabaab ambushed a vehicle transporting a khat/mira in Jija near Belet Weyne town (Belet Weyne, Hiraan). One person was killed and one was injured." }, "geometry": { "type": "Point", "coordinates": [ 45.2043, 4.736 ] } },
{ "type": "Feature", "properties": { "event_type": "Battles", "event_date": "2020-04-15T00:00:00", "year": 2020, "location": "Belet Weyne", "fatalities": 0, "notes": "On 15 April 2020, Al shabaab militants launched a hit and run attack against the Bacadada government force (assumed military) base in Hawlwadage village Beledwenye town (Balet Weyne, Hiraan). No casualties were reported." }, "geometry": { "type": "Point", "coordinates": [ 45.2043, 4.736 ] } },
{ "type": "Feature", "properties": { "event_type": "Explosions/Remote violence", "event_date": "2024-09-24T00:00:00", "year": 2024, "location": "Belet Weyne", "fatalities": 0, "notes": "On 24 September 2024, Al Shabaab threw a hand grenade, targeting government soldiers (SNA) at a barbershop in the Buunda Weyne in Belet Weyne town (Belet Weyne, Hiraan). The hand grenade landed at the entrance and exploded. One soldier was " }, "geometry": { "type": "Point", "coordinates": [ 45.2043, 4.736 ] } },
{ "type": "Feature", "properties": { "event_type": "Strategic developments", "event_date": "2024-12-22T00:00:00", "year": 2024, "location": "Belet Weyne", "fatalities": 0, "notes": "Defusal: On 22 December 2024, government security forces (SNA) shot an IED hidden in a milk container by Al Shabaab at a checkpoint in Guufaale area in Belet Weyne town (Belet Weyne, Hiraan). The IED exploded, there were no casualties and A" }, "geometry": { "type": "Point", "coordinates": [ 45.2043, 4.736 ] } },
{ "type": "Feature", "properties": { "event_type": "Explosions/Remote violence", "event_date": "2024-12-17T00:00:00", "year": 2024, "location": "Belet Weyne", "fatalities": 0, "notes": "On 17 December 2024, suspected Al Shabaab threw a hand grenade at the Makanne clan militia post in the Isbartiibo area of Bundawyne in Belet Weyne town (Belet Weyne, Hiraan). The device exploded without causing any casualties and damages." }, "geometry": { "type": "Point", "coordinates": [ 45.2043, 4.736 ] } },
{ "type": "Feature", "properties": { "event_type": "Battles", "event_date": "2024-10-05T00:00:00", "year": 2024, "location": "Belet Weyne", "fatalities": 1, "notes": "On 5 October 2024, two groups of Makane clan militia clashed in Hilaac area of Hawlwadaag neighborhood in Belet Weyne town (Belet Weyne, Hiiraan). One person was killed. The reason behind the incident remains unknown and security forces arr" }, "geometry": { "type": "Point", "coordinates": [ 45.2043, 4.736 ] } },
{ "type": "Feature", "properties": { "event_type": "Explosions/Remote violence", "event_date": "2024-10-09T00:00:00", "year": 2024, "location": "Belet Weyne", "fatalities": 0, "notes": "On 9 October 2024, overnight, Al Shabaab threw two hand grenades against government security forces (SNA) at a checkpoint and a residence house frequented by soldiers (SNA) in Buundaweyn neighborhood in Belet Weyne town (Belet Weyne, Hiraan" }, "geometry": { "type": "Point", "coordinates": [ 45.2043, 4.736 ] } },
{ "type": "Feature", "properties": { "event_type": "Battles", "event_date": "2024-10-10T00:00:00", "year": 2024, "location": "Belet Weyne", "fatalities": 0, "notes": "On 10 October 2024, overnight, government security forces (SNA) attacked Hiiraan state militia inside the Lamagalay administration center in Belet Weyne town (Belet Weyne, Hiraan). The motive was due to dispute over the control of the admin" }, "geometry": { "type": "Point", "coordinates": [ 45.2043, 4.736 ] } },
{ "type": "Feature", "properties": { "event_type": "Battles", "event_date": "2024-10-11T00:00:00", "year": 2024, "location": "Belet Weyne", "fatalities": 1, "notes": "On 11 October 2024, for a second day, government security forces (SNA) attacked Hiiraan state militia and engaged them in an armed clash inside the Lamagalay administration center in Belet Weyne town (Belet Weyne, Hiraan). The motive was du" }, "geometry": { "type": "Point", "coordinates": [ 45.2043, 4.736 ] } },
{ "type": "Feature", "properties": { "event_type": "Battles", "event_date": "2024-12-27T00:00:00", "year": 2024, "location": "Belet Weyne", "fatalities": 0, "notes": "On 27 December 2024, Hiiraan state militia and Hirshabelle security forces clashed in Belet Weyne town (Belet Weyne, Hiraan). The motive was due to increased over a territory issue. There were no casualties." }, "geometry": { "type": "Point", "coordinates": [ 45.2043, 4.736 ] } },
{ "type": "Feature", "properties": { "event_type": "Explosions/Remote violence", "event_date": "2024-10-14T00:00:00", "year": 2024, "location": "Belet Weyne", "fatalities": 0, "notes": "On 14 October 2024, overnight, Al Shabaab threw a hand grenade against government soldiers (SNA) at a barbershop at the Buundaweyn neighborhood in Belet Weyne town (Belet Weyne, Hiraan). Two soldiers were injured and Al Shabaab claimed resp" }, "geometry": { "type": "Point", "coordinates": [ 45.2043, 4.736 ] } },
{ "type": "Feature", "properties": { "event_type": "Explosions/Remote violence", "event_date": "2024-10-26T00:00:00", "year": 2024, "location": "Belet Weyne", "fatalities": 0, "notes": "On 26 October 2024, three IEDs planted by Al Shabaab exploded, targeting Makane clan militia at a checkpoint in the burial ground and Bundoweyne neighborhood in Belet Weyne town (Belet Weyne, Hiraan). Two clan militia members were injured a" }, "geometry": { "type": "Point", "coordinates": [ 45.2043, 4.736 ] } },
{ "type": "Feature", "properties": { "event_type": "Explosions/Remote violence", "event_date": "2021-11-06T00:00:00", "year": 2021, "location": "Belet Weyne", "fatalities": 0, "notes": "On 6 November 2021, Al Shabaab militants threw a hand grenade at Hirshabelle police officers manning a checkpoint at the Buundaweyne village neighborhood in Belet Weyne town (Belet Weyne, Hiraan). There were no fatalities. Two soldiers were" }, "geometry": { "type": "Point", "coordinates": [ 45.2043, 4.736 ] } },
{ "type": "Feature", "properties": { "event_type": "Explosions/Remote violence", "event_date": "2020-06-11T00:00:00", "year": 2020, "location": "Belet Weyne", "fatalities": 0, "notes": "On 11 June 2020, suspected Al Shabaab militants threw a hand grenade targeting a government forces (military) forward operation base in the Indhafiiq neighborhood of Hawlwadaag Village in Belet Weyne (Belet Weyne, Hiraan)." }, "geometry": { "type": "Point", "coordinates": [ 45.2043, 4.736 ] } },
{ "type": "Feature", "properties": { "event_type": "Protests", "event_date": "2020-06-09T00:00:00", "year": 2020, "location": "Belet Weyne", "fatalities": 0, "notes": "On 9 June 2020, the local administration organized a peaceful protest gathering in support of the FGS President's speech given at the Somali federal parliament in Belet Weyne town (Belet Weyne, Hiraan)." }, "geometry": { "type": "Point", "coordinates": [ 45.2043, 4.736 ] } },
{ "type": "Feature", "properties": { "event_type": "Violence against civilians", "event_date": "2020-06-07T00:00:00", "year": 2020, "location": "Belet Weyne", "fatalities": 0, "notes": "On 7 June 2020, a on-duty security guard (police) shot a rickshaw driver for parking his rickshaw at the no-parking bay opposite the police on the main road of Kooshin village in Balet Weyne town (Balet Weyne, Hiraan). The guard was immedia" }, "geometry": { "type": "Point", "coordinates": [ 45.2043, 4.736 ] } },
{ "type": "Feature", "properties": { "event_type": "Violence against civilians", "event_date": "2020-06-04T00:00:00", "year": 2020, "location": "Belet Weyne", "fatalities": 1, "notes": "On 4 June 2020, a Rahweyn armed militia shot and killed a civilian man from Gaaljecel clan in the outskirt of Al shabaab-controlled Caaga-Xoog village near Balet Weyne town (Balet Weyne, Hiraan). The killing likely occurred over inter-clan " }, "geometry": { "type": "Point", "coordinates": [ 45.2043, 4.736 ] } },
{ "type": "Feature", "properties": { "event_type": "Explosions/Remote violence", "event_date": "2021-11-11T00:00:00", "year": 2021, "location": "Belet Weyne", "fatalities": 0, "notes": "On 11 November 2021, an IED by Al Shabaab militants detonated, targeting tax collection officials at a tax collection shelter in Hillac area of Hawlwadaag village neighborhood in Belet Weyne town (Belet Weyne, Hiraan). There were no casualt" }, "geometry": { "type": "Point", "coordinates": [ 45.2043, 4.736 ] } },
{ "type": "Feature", "properties": { "event_type": "Violence against civilians", "event_date": "2021-12-25T00:00:00", "year": 2021, "location": "Belet Weyne", "fatalities": 1, "notes": "On 25 December 2021, suspected Hawadle clan militia shot and killed a tuk tuk driver transporting alcohol from Kalabeyr to Belet Weyne, on the outskirts of Kooshin village, north of Belet Weyne town (Belet Weyne, Hiraan)." }, "geometry": { "type": "Point", "coordinates": [ 45.2043, 4.736 ] } },
{ "type": "Feature", "properties": { "event_type": "Violence against civilians", "event_date": "2021-12-22T00:00:00", "year": 2021, "location": "Belet Weyne", "fatalities": 0, "notes": "On 22 December 2021, suspected Al Shabaab militants shot and seriously injured two civilians at their residence in the Gurguurte area of Kooshin village neighborhood in Belet Weyne town (Belet Weyne, Hiraan). The motive behind the shooting " }, "geometry": { "type": "Point", "coordinates": [ 45.2043, 4.736 ] } },
{ "type": "Feature", "properties": { "event_type": "Violence against civilians", "event_date": "2021-12-17T00:00:00", "year": 2021, "location": "Belet Weyne", "fatalities": 0, "notes": "On 17 December 2021, a Hirshabelle police officer shot and injured a civilian from Gaaljecel clan in the Heegan neighbourhood of Hawlwadaag village, west of Belet Weyne town (Belet Weyne, Hiraan). The officer suspected the civilian was sett" }, "geometry": { "type": "Point", "coordinates": [ 45.2043, 4.736 ] } },
{ "type": "Feature", "properties": { "event_type": "Explosions/Remote violence", "event_date": "2021-12-12T00:00:00", "year": 2021, "location": "Belet Weyne", "fatalities": 0, "notes": "On 12 December 2021, Al Shabaab militants threw a hand grenade at government security forces based at Belet Weyne (Hiraan). Casualties unknown. Al Shabaab claimed responsibility." }, "geometry": { "type": "Point", "coordinates": [ 45.2043, 4.736 ] } },
{ "type": "Feature", "properties": { "event_type": "Explosions/Remote violence", "event_date": "2021-12-11T00:00:00", "year": 2021, "location": "Belet Weyne", "fatalities": 0, "notes": "On 11 December 2021, an IED planted by Al Shabaab militants detonated, hitting government soldiers (SNA) patrolling on the main bridge of Belet Weyne (Hiraan). Unknown fatalities." }, "geometry": { "type": "Point", "coordinates": [ 45.2043, 4.736 ] } },
{ "type": "Feature", "properties": { "event_type": "Explosions/Remote violence", "event_date": "2021-12-04T00:00:00", "year": 2021, "location": "Belet Weyne", "fatalities": 0, "notes": "On 4 December 2021, an IED planted by Al Shabaab militants detonated, targeting government soldiers (SNA) in Belet Weyne (Hiraan). Fatalities unknown. Al Shabaab claimed responsibility." }, "geometry": { "type": "Point", "coordinates": [ 45.2043, 4.736 ] } },
{ "type": "Feature", "properties": { "event_type": "Explosions/Remote violence", "event_date": "2021-12-01T00:00:00", "year": 2021, "location": "Belet Weyne", "fatalities": 3, "notes": "On 1 December 2021, Al Shabaab militants fired mortar shells against AMISOM DNDF at a forward operation base in the Hawlwadaag village in Belet Weyne town (Belet Weyne, Hiraan). The shells missed the target and landed on civilian houses, ki" }, "geometry": { "type": "Point", "coordinates": [ 45.2043, 4.736 ] } },
{ "type": "Feature", "properties": { "event_type": "Explosions/Remote violence", "event_date": "2021-11-25T00:00:00", "year": 2021, "location": "Belet Weyne", "fatalities": 0, "notes": "On 25 November 2021, suspected Al Shabaab militants threw a hand grenade at government security forces at a checkpoint near Buundwyne village neighborhood in Belet Weyne town (Belet Weyne, Hiraan). There were no casualties." }, "geometry": { "type": "Point", "coordinates": [ 45.2043, 4.736 ] } },
{ "type": "Feature", "properties": { "event_type": "Explosions/Remote violence", "event_date": "2021-11-17T00:00:00", "year": 2021, "location": "Belet Weyne", "fatalities": 0, "notes": "On 17 November 2021, Al Shabaab militants fired five mortar shells at an AMISOM DNDF forward operation base in Belet Weyne town (Belet Weyne, Hiraan). The Mortar shells landed in an open area not far from the base. There were no casualties." }, "geometry": { "type": "Point", "coordinates": [ 45.2043, 4.736 ] } },
{ "type": "Feature", "properties": { "event_type": "Battles", "event_date": "2021-12-30T00:00:00", "year": 2021, "location": "Belet Weyne", "fatalities": 4, "notes": "On 30 December 2021, Nur Dheere militia ambushed government security forces (SNA) and Hirshabelle police convoy escorting the Hiraan governor and the minister of energy and water for Hirshabelle state coming from Feerfeer town, in the vicin" }, "geometry": { "type": "Point", "coordinates": [ 45.2043, 4.736 ] } },
{ "type": "Feature", "properties": { "event_type": "Battles", "event_date": "2020-10-13T00:00:00", "year": 2020, "location": "Belet Weyne", "fatalities": 2, "notes": "On 13 October 2020, an Abgal clan militia clashed with a Hawadle clan militia in Shiirkaneeco village near Belet Weyne town (Belet Weyne, Hiraan). Two people were killed. The clash was prompted by the Hirshabelle election." }, "geometry": { "type": "Point", "coordinates": [ 45.2043, 4.736 ] } },
{ "type": "Feature", "properties": { "event_type": "Explosions/Remote violence", "event_date": "2021-10-16T00:00:00", "year": 2021, "location": "Belet Weyne", "fatalities": 2, "notes": "On 16 October 2021, an IED by Al Shabaab militants detonated, targeting government officials and soldiers in a teashop within the Belet Weyne Police Station compound in Belet Weyne town (Belet Weyne, Hiraan). The mayor of Feerfeer and the f" }, "geometry": { "type": "Point", "coordinates": [ 45.2043, 4.736 ] } },
{ "type": "Feature", "properties": { "event_type": "Explosions/Remote violence", "event_date": "2021-10-06T00:00:00", "year": 2021, "location": "Belet Weyne", "fatalities": 0, "notes": "On 6 October 2021, Al Shabaab militants threw a hand grenade at a police station in the Hawlwadaag village neighborhood in Belet Weyne town (Belet Weyne, Hiraan). There were no casualties." }, "geometry": { "type": "Point", "coordinates": [ 45.2043, 4.736 ] } },
{ "type": "Feature", "properties": { "event_type": "Riots", "event_date": "2021-09-20T00:00:00", "year": 2021, "location": "Belet Weyne", "fatalities": 0, "notes": "On 20 September 2021, Hirshabelle Police staged a demonstration against the non-payment of their salaries from the Hiran Regional Administration in Belet Weyne town (Belet Weyne, Hiraan). The police opened gunfire on people and vehicles to " }, "geometry": { "type": "Point", "coordinates": [ 45.2043, 4.736 ] } },
{ "type": "Feature", "properties": { "event_type": "Protests", "event_date": "2021-09-18T00:00:00", "year": 2021, "location": "Belet Weyne", "fatalities": 0, "notes": "On 18 September 2021, Yaber Dige sub-clan of Hawadle clan members demonstrated against the termination letter issued by the Hirshabelle Minister of Education to the Head of Education Department in Hiraan region. The militia seized a tax col" }, "geometry": { "type": "Point", "coordinates": [ 45.2043, 4.736 ] } },
{ "type": "Feature", "properties": { "event_type": "Violence against civilians", "event_date": "2021-09-08T00:00:00", "year": 2021, "location": "Belet Weyne", "fatalities": 1, "notes": "On 8 September 2021, unidentified gunmen shot and killed a man from the Gaaljecel clan in Hawlwadag village in Belet Weyne town (Belet Weyne, Hiraan). The reason behind the incident is unknown." }, "geometry": { "type": "Point", "coordinates": [ 45.2043, 4.736 ] } },
{ "type": "Feature", "properties": { "event_type": "Protests", "event_date": "2021-09-07T00:00:00", "year": 2021, "location": "Belet Weyne", "fatalities": 0, "notes": "On 7 September 2021, several local residents demonstrated against the AMISOM DNDF and government security forces (SNA) in Belet Weyne town (Belet Weyne, Hiraan). The demonstrators claimed the forces are giving fire arms to Dir militia in Ka" }, "geometry": { "type": "Point", "coordinates": [ 45.2043, 4.736 ] } },
{ "type": "Feature", "properties": { "event_type": "Explosions/Remote violence", "event_date": "2021-09-06T00:00:00", "year": 2021, "location": "Belet Weyne", "fatalities": 0, "notes": "On 6 September 2021, suspected Al Shabaab militants threw a hand grenade at government security forces (SNA) at a checkpoint at the Bundoweyn bridge in Belet Weyne town (Belet Weyne, Hiraan). Eight soldiers were injured, including a civilia" }, "geometry": { "type": "Point", "coordinates": [ 45.2043, 4.736 ] } },
{ "type": "Feature", "properties": { "event_type": "Protests", "event_date": "2022-01-21T00:00:00", "year": 2022, "location": "Belet Weyne", "fatalities": 0, "notes": "On 21 January 2022, local residents protested against the Hirshabelle administration and in support of the clan militia (Abukar Haji Warsame Xuud) peace agreement with the federal government on 18 Jan 2022 in Belet Weyne town (Belet Weyne, " }, "geometry": { "type": "Point", "coordinates": [ 45.2043, 4.736 ] } },
{ "type": "Feature", "properties": { "event_type": "Violence against civilians", "event_date": "2022-02-08T00:00:00", "year": 2022, "location": "Belet Weyne", "fatalities": 1, "notes": "On 8 February 2022, Al Shabaab militants shot and killed an influential elder from Hawadle clan outside his residence at the Buundaweyn village in Belet Weyne town (Belet Weyne, Hiraan). A civilian bystander was injured in the attack. Al Sh" }, "geometry": { "type": "Point", "coordinates": [ 45.2043, 4.736 ] } },
{ "type": "Feature", "properties": { "event_type": "Violence against civilians", "event_date": "2022-02-06T00:00:00", "year": 2022, "location": "Belet Weyne", "fatalities": 1, "notes": "On 6 February 2022, government soldier (SNA) shot and killed a rickshaw driver at the Suqa-balka area in Kooshin village neighborhood in Belet Weyne town (Belet Weyne, Hiraan). This is after the driver refused to stop at the signal from the" }, "geometry": { "type": "Point", "coordinates": [ 45.2043, 4.736 ] } },
{ "type": "Feature", "properties": { "event_type": "Battles", "event_date": "2022-02-06T00:00:00", "year": 2022, "location": "Belet Weyne", "fatalities": 0, "notes": "On 6 February 2022, Nur Dheere militia clashed with government security forces (SNA) between Qawlad and Ugaas Khaliif airport neighborhood in Kooshin village in Belet Weyne town (Belet Weyne, Hiraan). The clash started after the arrival of " }, "geometry": { "type": "Point", "coordinates": [ 45.2043, 4.736 ] } },
{ "type": "Feature", "properties": { "event_type": "Explosions/Remote violence", "event_date": "2022-02-04T00:00:00", "year": 2022, "location": "Belet Weyne", "fatalities": 0, "notes": "On 4 February 2022, Al Shabaab militants threw a hand grenade at the house of a government logistic soldier (SNA) at the Howlwadaag village in Belet Weyne town (Belet Weyne, Hiraan). There were no casualties. Al Shabaab claimed responsibili" }, "geometry": { "type": "Point", "coordinates": [ 45.2043, 4.736 ] } },
{ "type": "Feature", "properties": { "event_type": "Protests", "event_date": "2022-01-25T00:00:00", "year": 2022, "location": "Belet Weyne", "fatalities": 0, "notes": "On 25 January 2022, overnight, local residents, along with Nur Dheere militia protested against Hirshabelle administration in Belet Weyne town (Belet Weyne, Hiraan). This was due to the alleged visit of Hirshabelle president to the town. Po" }, "geometry": { "type": "Point", "coordinates": [ 45.2043, 4.736 ] } },
{ "type": "Feature", "properties": { "event_type": "Strategic developments", "event_date": "2022-01-25T00:00:00", "year": 2022, "location": "Belet Weyne", "fatalities": 0, "notes": "Non-violent activity: On 25 January 2022, overnight, mutiny forces, led by militia loyal to commander Nur Dheere took control of some parts along the main supply road including Belet Weyne hospital, Darwish yard, Hiran hotel in Belet Weyne " }, "geometry": { "type": "Point", "coordinates": [ 45.2043, 4.736 ] } },
{ "type": "Feature", "properties": { "event_type": "Strategic developments", "event_date": "2024-12-17T00:00:00", "year": 2024, "location": "Belet Weyne", "fatalities": 0, "notes": "On 17 December 2024, Hawadle clan militia and Baadiade sub-clan militia held a reconciliation conference in Samatale near Belet Weyne town (Belet Weyne, Hiraan). The two sub-clans agreed to exchange blood compensation to end revenge killing" }, "geometry": { "type": "Point", "coordinates": [ 45.2043, 4.736 ] } },
{ "type": "Feature", "properties": { "event_type": "Explosions/Remote violence", "event_date": "2024-09-16T00:00:00", "year": 2024, "location": "Belet Weyne", "fatalities": 1, "notes": "On 16 September 2024, overnight, Al Shabaab threw a hand grenade against Hirshabelle security forces at a checkpoint in Hawatako neighborhood in Belet Weyne town (Belet Weyne, Hiraan). One soldier was killed and two others injured. Al Shaba" }, "geometry": { "type": "Point", "coordinates": [ 45.2043, 4.736 ] } },
{ "type": "Feature", "properties": { "event_type": "Battles", "event_date": "2024-10-27T00:00:00", "year": 2024, "location": "Belet Weyne", "fatalities": 1, "notes": "On 27 October 2024, unidentified clan militia clashed with government soldiers (SNA) in Qowlad village near Belet Weyne town (Belet Weyne, Hiraan). One soldier was killed." }, "geometry": { "type": "Point", "coordinates": [ 45.2043, 4.736 ] } },
{ "type": "Feature", "properties": { "event_type": "Battles", "event_date": "2024-10-28T00:00:00", "year": 2024, "location": "Belet Weyne", "fatalities": 1, "notes": "On 28 October 2024, overnight, Al Shabaab shot and killed a government soldier (NISA) in the Sheikh Ali Bood Mosque in the Koshin neighborhood in Belet Weyne town (Belet Weyne, Hiraan). The government security forces (SNA) conducted a secur" }, "geometry": { "type": "Point", "coordinates": [ 45.2043, 4.736 ] } },
{ "type": "Feature", "properties": { "event_type": "Battles", "event_date": "2024-05-10T00:00:00", "year": 2024, "location": "Belet Weyne", "fatalities": 1, "notes": "On 10 May 2024, police officers clashed with suspected Al Shabaab at the Darwish area of Kooshin neighborhood in Belet Weyne town (Belet Weyne, Hiraan). The police apprehended the VBIED. One police officer was killed." }, "geometry": { "type": "Point", "coordinates": [ 45.2043, 4.736 ] } },
{ "type": "Feature", "properties": { "event_type": "Explosions/Remote violence", "event_date": "2024-10-29T00:00:00", "year": 2024, "location": "Belet Weyne", "fatalities": 1, "notes": "On 29 October 2024, overnight, Al Shabaab threw a hand grenade at a civilian house in Hawlwadag neighborhood in Belet Weyne town (Belet Weyne, Hiraan). One civilian was killed and seven others were injured." }, "geometry": { "type": "Point", "coordinates": [ 45.2043, 4.736 ] } },
{ "type": "Feature", "properties": { "event_type": "Violence against civilians", "event_date": "2024-11-11T00:00:00", "year": 2024, "location": "Belet Weyne", "fatalities": 1, "notes": "On 11 November 2024, a Hawadle clan militia shot and killed a civilian from the same clan in Hawa Tako neighborhood in Belet Weyne town (Belet Weyne, Hiraan). The motive is unknown. Security forces arrested the perpetrator and Hawadle tradi" }, "geometry": { "type": "Point", "coordinates": [ 45.2043, 4.736 ] } },
{ "type": "Feature", "properties": { "event_type": "Violence against civilians", "event_date": "2024-11-16T00:00:00", "year": 2024, "location": "Belet Weyne", "fatalities": 1, "notes": "On 16 November 2024, overnight, Hawadle clan militia shot and killed a civilian commercial truck driver and injured another bystander at the Salahjere customs checkpoint in the vicinity of Belet Weyne town (Belet Weyne, Hiraan). The motive " }, "geometry": { "type": "Point", "coordinates": [ 45.2043, 4.736 ] } },
{ "type": "Feature", "properties": { "event_type": "Violence against civilians", "event_date": "2024-11-16T00:00:00", "year": 2024, "location": "Belet Weyne", "fatalities": 1, "notes": "On 16 November 2024, a government soldier (SNA) shot and killed a woman in Liiq-Liiqato neighborhood in Belet Weyne town (Belet Weyne, Hiraan). The motive is unknown." }, "geometry": { "type": "Point", "coordinates": [ 45.2043, 4.736 ] } },
{ "type": "Feature", "properties": { "event_type": "Battles", "event_date": "2024-11-22T00:00:00", "year": 2024, "location": "Belet Weyne", "fatalities": 0, "notes": "On 22 November 2024, overnight, Al Shabaab engaged government security forces (SNA) in an armed clash at a checkpoint in LiiqLiiqato Bridge at Hawlwadag in Belet Weyne town (Belet Weyne, Hiraan), after the militants threw a hand grenade. Th" }, "geometry": { "type": "Point", "coordinates": [ 45.2043, 4.736 ] } },
{ "type": "Feature", "properties": { "event_type": "Battles", "event_date": "2024-12-01T00:00:00", "year": 2024, "location": "Belet Weyne", "fatalities": 0, "notes": "On 1 December 2024, overnight, Al Shabaab conducted a probing attack against ATMIS DNDF troops and engaged them in an armed clash at a base in Belet Weyne town (Belet Weyne, Hiraan). The clash was initiated with RPGs, there were no casualti" }, "geometry": { "type": "Point", "coordinates": [ 45.2043, 4.736 ] } },
{ "type": "Feature", "properties": { "event_type": "Violence against civilians", "event_date": "2023-10-04T00:00:00", "year": 2023, "location": "Belet Weyne", "fatalities": 1, "notes": "On 4 October 2023, unidentified gunmen shot and killed a businessman from Gaaljecel clan in Bacadaha area at the Hawlwadag neighborhood in Belet Weyne town (Belet Weyne, Hiraan). The motive is unknown." }, "geometry": { "type": "Point", "coordinates": [ 45.2043, 4.736 ] } },
{ "type": "Feature", "properties": { "event_type": "Battles", "event_date": "2023-10-06T00:00:00", "year": 2023, "location": "Belet Weyne", "fatalities": 1, "notes": "On 6 October 2023, Ali Madaxweyne sub clan militia clashed with Yaber Dige sub clan militia both from Hawadle at the Nur Hawaad neighborhood in Belet Weyne town (Belet Weyne, Hiiraan). The motive was due to dispute over control of a checkpo" }, "geometry": { "type": "Point", "coordinates": [ 45.2043, 4.736 ] } },
{ "type": "Feature", "properties": { "event_type": "Battles", "event_date": "2023-10-26T00:00:00", "year": 2023, "location": "Belet Weyne", "fatalities": 0, "notes": "On 26 October 2023, Al Shabaab carried an attack against government security forces (SNA) and took control over Ceel Cade village near Belet Weyne town (Belet Weyne, Hiraan). Both sides exchanged heavy gunfire. There were no casualties." }, "geometry": { "type": "Point", "coordinates": [ 45.2043, 4.736 ] } },
{ "type": "Feature", "properties": { "event_type": "Battles", "event_date": "2023-10-29T00:00:00", "year": 2023, "location": "Belet Weyne", "fatalities": 0, "notes": "On 29 October 2023, government security forces (SNA) and Hawadle clan militia in an operation clashed with Al Shabaab in Ceel Cade village near Belet Weyne town (Belet Weyne, Hiraan). There were no casualties." }, "geometry": { "type": "Point", "coordinates": [ 45.2043, 4.736 ] } },
{ "type": "Feature", "properties": { "event_type": "Explosions/Remote violence", "event_date": "2023-10-29T00:00:00", "year": 2023, "location": "Belet Weyne", "fatalities": 0, "notes": "On 29 October 2023, suspected Al Shabaab threw a hand grenade at a teashop frequented by Makane clan militia in the Isbartibo area in Bundaweyne neighborhood in Belet Weyne town (Belet Weyne, Hiiraan). The hand grenade landed in an empty pl" }, "geometry": { "type": "Point", "coordinates": [ 45.2043, 4.736 ] } },
{ "type": "Feature", "properties": { "event_type": "Strategic developments", "event_date": "2023-10-30T00:00:00", "year": 2023, "location": "Belet Weyne", "fatalities": 0, "notes": "Movement of forces: On 30 October 2023, a number of Al Shabaab, including foreigners, were seen along the border between Somalia and Ethiopia, in the vicinity of Ceel Cade village near Belet Weyne town (Belet Weyne, Hiiraan). The militants " }, "geometry": { "type": "Point", "coordinates": [ 45.2043, 4.736 ] } },
{ "type": "Feature", "properties": { "event_type": "Protests", "event_date": "2023-11-18T00:00:00", "year": 2023, "location": "Belet Weyne", "fatalities": 0, "notes": "On 18 November 2023, local residents protested against Hiiraan regional administration and Hirshabelle state in front of the ATMIS main gate in Belet Weyne town (Belet Weyne, Hiraan). This is after the Hiiran governor attempted to visit a s" }, "geometry": { "type": "Point", "coordinates": [ 45.2043, 4.736 ] } },
{ "type": "Feature", "properties": { "event_type": "Battles", "event_date": "2024-01-01T00:00:00", "year": 2024, "location": "Belet Weyne", "fatalities": 0, "notes": "On 1 January 2024, Al Shabaab threw a hand grenade against government security forces (SNA) at a checkpoint located in Koshin neighborhood in Belet Weyne town (Belet Weyne, Hiraan). The soldiers reacted with gunfire after the blast. There w" }, "geometry": { "type": "Point", "coordinates": [ 45.2043, 4.736 ] } },
{ "type": "Feature", "properties": { "event_type": "Violence against civilians", "event_date": "2023-11-23T00:00:00", "year": 2023, "location": "Belet Weyne", "fatalities": 0, "notes": "On 23 November 2023, government soldier (SNA) attacked civilians at food distribution site in Belet Weyne town (Belet Weyne, Hiraan), during the distribution of food rations to the locals. There were no fatalities. One person was injured. T" }, "geometry": { "type": "Point", "coordinates": [ 45.2043, 4.736 ] } },
{ "type": "Feature", "properties": { "event_type": "Battles", "event_date": "2024-02-26T00:00:00", "year": 2024, "location": "Belet Weyne", "fatalities": 0, "notes": "On 26 February 2024, Hawadle clan militia clashed with Makane clan militia in Qoofiyow area at the Kooshin neighborhood in Belet Weyne town (Belet Weyne, Hiraan). The motive was due to dispute over rickshaw robbery. There were no fatalities" }, "geometry": { "type": "Point", "coordinates": [ 45.2043, 4.736 ] } },
{ "type": "Feature", "properties": { "event_type": "Explosions/Remote violence", "event_date": "2022-03-23T00:00:00", "year": 2022, "location": "Belet Weyne", "fatalities": 50, "notes": "On 23 March 2022, a suicided bomber from Al Shabaab detonated himself inside Lamagalay administration area in Belet Weyne town (Belet Weyne, Hiraan). Another SVIED exploded in between Kamal hotel and Belet Weyne main hospital. The vehicle w" }, "geometry": { "type": "Point", "coordinates": [ 45.2043, 4.736 ] } },
{ "type": "Feature", "properties": { "event_type": "Explosions/Remote violence", "event_date": "2020-06-05T00:00:00", "year": 2020, "location": "Hawo Tako", "fatalities": 1, "notes": "On 5 June 2020, suspected Al shabaab militants threw a hand grenade at Horseed Checkpoint in Hawa Tako village (Balet Weyne, Hiraan). One police officer was injured and succumbed to his injuries during surgery." }, "geometry": { "type": "Point", "coordinates": [ 45.2, 4.75 ] } },
{ "type": "Feature", "properties": { "event_type": "Explosions/Remote violence", "event_date": "2020-08-18T00:00:00", "year": 2020, "location": "Hawo Tako", "fatalities": 3, "notes": "On 18 August 2020, an Al Shabaab RCIED exploded targeting a regional police vehicle at the front gate of Laqanyo Soccer field in Nur Hawad neighborhood of Hawo Tako village (Belet Weyne, Hiraan). 3 police officers were killed." }, "geometry": { "type": "Point", "coordinates": [ 45.2, 4.75 ] } },
{ "type": "Feature", "properties": { "event_type": "Battles", "event_date": "2021-07-04T00:00:00", "year": 2021, "location": "Hawo Tako", "fatalities": 0, "notes": "On 4 July 2021, Abukar Haji Warsame Xuud militia attacked government security forces checkpoints in Kutiimbo neighborhoods of Kooshin village and Nuur Hawad neighborhoods in Hawo Tako village (Belet Weyne, Hiraan). The militia took control " }, "geometry": { "type": "Point", "coordinates": [ 45.2, 4.75 ] } },
{ "type": "Feature", "properties": { "event_type": "Battles", "event_date": "2020-09-23T00:00:00", "year": 2020, "location": "Hawo Tako", "fatalities": 0, "notes": "On 23 September 2020, Al Shabaab militants carried out a hit and ran attack against NISA outpost guard at IFTIN Rehabilitation building in Cell-Jaale neighborhoods of Hawo Tako village (Belet Weyne, Hiraan). No fatalities and/or injuries re" }, "geometry": { "type": "Point", "coordinates": [ 45.2, 4.75 ] } },
{ "type": "Feature", "properties": { "event_type": "Explosions/Remote violence", "event_date": "2020-09-19T00:00:00", "year": 2020, "location": "Hawo Tako", "fatalities": 0, "notes": "On 19 September 2020, suspected Al Shabaab militants threw a hand grenade at the IFTIN Rehabilitation building which accommodates NISA personnel in Cell-Jaale neighborhood of Hawo Tako village (Belet Weyne, Hiraan). No fatalities and/or inj" }, "geometry": { "type": "Point", "coordinates": [ 45.2, 4.75 ] } },
{ "type": "Feature", "properties": { "event_type": "Violence against civilians", "event_date": "2020-08-10T00:00:00", "year": 2020, "location": "Hawo Tako", "fatalities": 1, "notes": "On 10 August 2020, Al Shabaab militants shot and killed a district commissioner at his home in Hawo Tako village (Belet Weyne, Hiraan)." }, "geometry": { "type": "Point", "coordinates": [ 45.2, 4.75 ] } },
{ "type": "Feature", "properties": { "event_type": "Violence against civilians", "event_date": "2020-02-24T00:00:00", "year": 2020, "location": "Hawo Tako", "fatalities": 0, "notes": "On 24 February 2020, Al Shabaab militants abducted a Radio Afgoye reporter at Hawo Tako village (Belet Weyne, Hiraan). His whereabouts or situation is not known." }, "geometry": { "type": "Point", "coordinates": [ 45.2, 4.75 ] } },
{ "type": "Feature", "properties": { "event_type": "Violence against civilians", "event_date": "2020-09-03T00:00:00", "year": 2020, "location": "Hawo Tako", "fatalities": 1, "notes": "On 3 September 2020, Al Shabaab militants shot and killed the district officer for Mataaban town in Hawo Tako village (Belet Weyne, Hiraan)." }, "geometry": { "type": "Point", "coordinates": [ 45.2, 4.75 ] } },
{ "type": "Feature", "properties": { "event_type": "Battles", "event_date": "2020-02-09T00:00:00", "year": 2020, "location": "Hawo Tako", "fatalities": 0, "notes": "On 9 February 2020, Armed militia hailing from Xarun-Sub clan of Hawadle took over the local administration revenue post located in Hawo Tako (Belet Weyne, Hiraan) after chasing the police and revenue workers. No fatalities reported." }, "geometry": { "type": "Point", "coordinates": [ 45.2, 4.75 ] } },
{ "type": "Feature", "properties": { "event_type": "Battles", "event_date": "2020-09-03T00:00:00", "year": 2020, "location": "Hawo Tako", "fatalities": 1, "notes": "On 3 September 2020, Al Shabaab shot and killed one of the founders of the Hawadle sub clan militia (Macawiisley) at Nur- Hawad unit in Hawo Tako village (Belet Weyne, Hiraan). The killing lead to government forces clashing with the militan" }, "geometry": { "type": "Point", "coordinates": [ 45.2, 4.75 ] } }
]
}
